<?xml version="1.0" encoding="US-ASCII" standalone="yes"?><?mso-application progid="Excel.Sheet"?><Workbook xmlns="urn:schemas-microsoft-com:office:spreadsheet" xmlns:o="urn:schemas-microsoft-com:office:office" xmlns:x="urn:schemas-microsoft-com:office:excel" xmlns:ss="urn:schemas-microsoft-com:office:spreadsheet" xmlns:html="http://www.w3.org/TR/REC-html40"><DocumentProperties xmlns="urn:schemas-microsoft-com:office:office"><Author></Author><LastAuthor></LastAuthor><Created></Created><LastSaved></LastSaved><Company></Company><Version></Version></DocumentProperties><ExcelWorkbook  xmlns="urn:schemas-microsoft-com:office:excel"><ProtectStructure>False</ProtectStructure><ProtectWindows>False</ProtectWindows></ExcelWorkbook><Styles><Style ss:ID="Default" ss:Name="Normal"><Alignment ss:Vertical="Bottom"/><Borders/><Font ss:FontName="Calibri" ss:Size="10"/><Interior/><NumberFormat/><Protection/></Style><Style ss:ID="s1"><Font ss:FontName="Calibri" ss:Bold="1" ss:Size="12"/><NumberFormat/></Style><Style ss:ID="s21"><Alignment ss:Horizontal="Center" ss:Vertical="Bottom"/><NumberFormat/><Font ss:FontName="Calibri" ss:Size="10"/><Borders><Border ss:Position="Top" ss:LineStyle="Continuous" ss:Weight="1"/></Borders></Style><Style ss:ID="s22"><Alignment ss:Horizontal="Center" ss:Vertical="Bottom"/><Font ss:FontName="Calibri" ss:Size="10"/><NumberFormat/></Style><Style ss:ID="s23"><Alignment ss:Horizontal="Center" ss:Vertical="Bottom"/><NumberFormat/><Font ss:FontName="Calibri" ss:Size="10"/><Borders><Border ss:Position="Bottom" ss:LineStyle="Continuous" ss:Weight="1"/></Borders></Style><Style ss:ID="s24"><Font ss:FontName="Calibri" ss:Size="10"/><NumberFormat/></Style><Style ss:ID="s31"><Font ss:FontName="Calibri" ss:Size="10"/><Borders><Border ss:Position="Top" ss:LineStyle="Continuous" ss:Weight="1"/></Borders></Style><Style ss:ID="s32"><Font ss:FontName="Calibri" ss:Size="10"/><Borders/></Style><Style ss:ID="s33"><Font ss:FontName="Calibri" ss:Size="10"/><Borders><Border ss:Position="Bottom" ss:LineStyle="Continuous" ss:Weight="1"/></Borders></Style></Styles><Names></Names><Worksheet ss:Name="Sheet1"><Table ss:ExpandedColumnCount="2" ss:ExpandedRowCount="133" x:FullColumns="1" x:FullRows="1"><Column ss:AutoFitWidth="0" ss:Width="126"/><Column ss:AutoFitWidth="0" ss:Width="58"/><Row></Row><Row><Cell ss:StyleID="s31"><Data ss:Type="String"></Data></Cell><Cell ss:StyleID="s21"><Data ss:Type="String">(1)</Data></Cell></Row><Row><Cell ss:StyleID="s32"><Data ss:Type="String">VARIABLES</Data></Cell><Cell ss:StyleID="s22"><Data ss:Type="String">log_hhinc</Data></Cell></Row><Row><Cell ss:StyleID="s31"><Data ss:Type="String"></Data></Cell><Cell ss:StyleID="s21"><Data ss:Type="String"></Data></Cell></Row><Row><Cell ss:StyleID="s32"><Data ss:Type="String">treated</Data></Cell><Cell ss:StyleID="s22"><Data ss:Type="String">0.0717</Data></Cell></Row><Row><Cell ss:StyleID="s32"><Data ss:Type="String"></Data></Cell><Cell ss:StyleID="s22"><Data ss:Type="String">(0.0517)</Data></Cell></Row><Row><Cell ss:StyleID="s32"><Data ss:Type="String">2.pair_id</Data></Cell><Cell ss:StyleID="s22"><Data ss:Type="String">0.0916***</Data></Cell></Row><Row><Cell ss:StyleID="s32"><Data ss:Type="String"></Data></Cell><Cell ss:StyleID="s22"><Data ss:Type="String">(0.0172)</Data></Cell></Row><Row><Cell ss:StyleID="s32"><Data ss:Type="String">4.pair_id</Data></Cell><Cell ss:StyleID="s22"><Data ss:Type="String">-0.120***</Data></Cell></Row><Row><Cell ss:StyleID="s32"><Data ss:Type="String"></Data></Cell><Cell ss:StyleID="s22"><Data ss:Type="String">(0.0260)</Data></Cell></Row><Row><Cell ss:StyleID="s32"><Data ss:Type="String">5.pair_id</Data></Cell><Cell ss:StyleID="s22"><Data ss:Type="String">-0.142***</Data></Cell></Row><Row><Cell ss:StyleID="s32"><Data ss:Type="String"></Data></Cell><Cell ss:StyleID="s22"><Data ss:Type="String">(0.0208)</Data></Cell></Row><Row><Cell ss:StyleID="s32"><Data ss:Type="String">6.pair_id</Data></Cell><Cell ss:StyleID="s22"><Data ss:Type="String">-0.0112</Data></Cell></Row><Row><Cell ss:StyleID="s32"><Data ss:Type="String"></Data></Cell><Cell ss:StyleID="s22"><Data ss:Type="String">(0.0273)</Data></Cell></Row><Row><Cell ss:StyleID="s32"><Data ss:Type="String">7.pair_id</Data></Cell><Cell ss:StyleID="s22"><Data ss:Type="String">0.0180</Data></Cell></Row><Row><Cell ss:StyleID="s32"><Data ss:Type="String"></Data></Cell><Cell ss:StyleID="s22"><Data ss:Type="String">(0.0203)</Data></Cell></Row><Row><Cell ss:StyleID="s32"><Data ss:Type="String">9.pair_id</Data></Cell><Cell ss:StyleID="s22"><Data ss:Type="String">-0.104***</Data></Cell></Row><Row><Cell ss:StyleID="s32"><Data ss:Type="String"></Data></Cell><Cell ss:StyleID="s22"><Data ss:Type="String">(0.0290)</Data></Cell></Row><Row><Cell ss:StyleID="s32"><Data ss:Type="String">10.pair_id</Data></Cell><Cell ss:StyleID="s22"><Data ss:Type="String">-0.195***</Data></Cell></Row><Row><Cell ss:StyleID="s32"><Data ss:Type="String"></Data></Cell><Cell ss:StyleID="s22"><Data ss:Type="String">(0.0201)</Data></Cell></Row><Row><Cell ss:StyleID="s32"><Data ss:Type="String">11.pair_id</Data></Cell><Cell ss:StyleID="s22"><Data ss:Type="String">-0.425***</Data></Cell></Row><Row><Cell ss:StyleID="s32"><Data ss:Type="String"></Data></Cell><Cell ss:StyleID="s22"><Data ss:Type="String">(0.0238)</Data></Cell></Row><Row><Cell ss:StyleID="s32"><Data ss:Type="String">12.pair_id</Data></Cell><Cell ss:StyleID="s22"><Data ss:Type="String">-0.205***</Data></Cell></Row><Row><Cell ss:StyleID="s32"><Data ss:Type="String"></Data></Cell><Cell ss:StyleID="s22"><Data ss:Type="String">(0.0248)</Data></Cell></Row><Row><Cell ss:StyleID="s32"><Data ss:Type="String">13.pair_id</Data></Cell><Cell ss:StyleID="s22"><Data ss:Type="String">-0.245***</Data></Cell></Row><Row><Cell ss:StyleID="s32"><Data ss:Type="String"></Data></Cell><Cell ss:StyleID="s22"><Data ss:Type="String">(0.0248)</Data></Cell></Row><Row><Cell ss:StyleID="s32"><Data ss:Type="String">14.pair_id</Data></Cell><Cell ss:StyleID="s22"><Data ss:Type="String">-0.00636</Data></Cell></Row><Row><Cell ss:StyleID="s32"><Data ss:Type="String"></Data></Cell><Cell ss:StyleID="s22"><Data ss:Type="String">(0.0326)</Data></Cell></Row><Row><Cell ss:StyleID="s32"><Data ss:Type="String">15.pair_id</Data></Cell><Cell ss:StyleID="s22"><Data ss:Type="String">0.0136</Data></Cell></Row><Row><Cell ss:StyleID="s32"><Data ss:Type="String"></Data></Cell><Cell ss:StyleID="s22"><Data ss:Type="String">(0.0206)</Data></Cell></Row><Row><Cell ss:StyleID="s32"><Data ss:Type="String">16.pair_id</Data></Cell><Cell ss:StyleID="s22"><Data ss:Type="String">-0.314***</Data></Cell></Row><Row><Cell ss:StyleID="s32"><Data ss:Type="String"></Data></Cell><Cell ss:StyleID="s22"><Data ss:Type="String">(0.0179)</Data></Cell></Row><Row><Cell ss:StyleID="s32"><Data ss:Type="String">17.pair_id</Data></Cell><Cell ss:StyleID="s22"><Data ss:Type="String">-0.0754***</Data></Cell></Row><Row><Cell ss:StyleID="s32"><Data ss:Type="String"></Data></Cell><Cell ss:StyleID="s22"><Data ss:Type="String">(0.0155)</Data></Cell></Row><Row><Cell ss:StyleID="s32"><Data ss:Type="String">18.pair_id</Data></Cell><Cell ss:StyleID="s22"><Data ss:Type="String">-0.214***</Data></Cell></Row><Row><Cell ss:StyleID="s32"><Data ss:Type="String"></Data></Cell><Cell ss:StyleID="s22"><Data ss:Type="String">(0.0240)</Data></Cell></Row><Row><Cell ss:StyleID="s32"><Data ss:Type="String">20.pair_id</Data></Cell><Cell ss:StyleID="s22"><Data ss:Type="String">0.0475***</Data></Cell></Row><Row><Cell ss:StyleID="s32"><Data ss:Type="String"></Data></Cell><Cell ss:StyleID="s22"><Data ss:Type="String">(0.0163)</Data></Cell></Row><Row><Cell ss:StyleID="s32"><Data ss:Type="String">21.pair_id</Data></Cell><Cell ss:StyleID="s22"><Data ss:Type="String">-0.320***</Data></Cell></Row><Row><Cell ss:StyleID="s32"><Data ss:Type="String"></Data></Cell><Cell ss:StyleID="s22"><Data ss:Type="String">(0.0199)</Data></Cell></Row><Row><Cell ss:StyleID="s32"><Data ss:Type="String">22.pair_id</Data></Cell><Cell ss:StyleID="s22"><Data ss:Type="String">-0.237***</Data></Cell></Row><Row><Cell ss:StyleID="s32"><Data ss:Type="String"></Data></Cell><Cell ss:StyleID="s22"><Data ss:Type="String">(0.0134)</Data></Cell></Row><Row><Cell ss:StyleID="s32"><Data ss:Type="String">23.pair_id</Data></Cell><Cell ss:StyleID="s22"><Data ss:Type="String">-0.195***</Data></Cell></Row><Row><Cell ss:StyleID="s32"><Data ss:Type="String"></Data></Cell><Cell ss:StyleID="s22"><Data ss:Type="String">(0.0116)</Data></Cell></Row><Row><Cell ss:StyleID="s32"><Data ss:Type="String">25.pair_id</Data></Cell><Cell ss:StyleID="s22"><Data ss:Type="String">-0.207***</Data></Cell></Row><Row><Cell ss:StyleID="s32"><Data ss:Type="String"></Data></Cell><Cell ss:StyleID="s22"><Data ss:Type="String">(0.0227)</Data></Cell></Row><Row><Cell ss:StyleID="s32"><Data ss:Type="String">26.pair_id</Data></Cell><Cell ss:StyleID="s22"><Data ss:Type="String">-0.223***</Data></Cell></Row><Row><Cell ss:StyleID="s32"><Data ss:Type="String"></Data></Cell><Cell ss:StyleID="s22"><Data ss:Type="String">(0.0107)</Data></Cell></Row><Row><Cell ss:StyleID="s32"><Data ss:Type="String">28.pair_id</Data></Cell><Cell ss:StyleID="s22"><Data ss:Type="String">-0.350***</Data></Cell></Row><Row><Cell ss:StyleID="s32"><Data ss:Type="String"></Data></Cell><Cell ss:StyleID="s22"><Data ss:Type="String">(0.0247)</Data></Cell></Row><Row><Cell ss:StyleID="s32"><Data ss:Type="String">29.pair_id</Data></Cell><Cell ss:StyleID="s22"><Data ss:Type="String">-0.137***</Data></Cell></Row><Row><Cell ss:StyleID="s32"><Data ss:Type="String"></Data></Cell><Cell ss:StyleID="s22"><Data ss:Type="String">(0.0227)</Data></Cell></Row><Row><Cell ss:StyleID="s32"><Data ss:Type="String">30.pair_id</Data></Cell><Cell ss:StyleID="s22"><Data ss:Type="String">0.266***</Data></Cell></Row><Row><Cell ss:StyleID="s32"><Data ss:Type="String"></Data></Cell><Cell ss:StyleID="s22"><Data ss:Type="String">(0.0135)</Data></Cell></Row><Row><Cell ss:StyleID="s32"><Data ss:Type="String">31.pair_id</Data></Cell><Cell ss:StyleID="s22"><Data ss:Type="String">-0.334***</Data></Cell></Row><Row><Cell ss:StyleID="s32"><Data ss:Type="String"></Data></Cell><Cell ss:StyleID="s22"><Data ss:Type="String">(0.0314)</Data></Cell></Row><Row><Cell ss:StyleID="s32"><Data ss:Type="String">32.pair_id</Data></Cell><Cell ss:StyleID="s22"><Data ss:Type="String">0.0443</Data></Cell></Row><Row><Cell ss:StyleID="s32"><Data ss:Type="String"></Data></Cell><Cell ss:StyleID="s22"><Data ss:Type="String">(0.0294)</Data></Cell></Row><Row><Cell ss:StyleID="s32"><Data ss:Type="String">33.pair_id</Data></Cell><Cell ss:StyleID="s22"><Data ss:Type="String">-0.255***</Data></Cell></Row><Row><Cell ss:StyleID="s32"><Data ss:Type="String"></Data></Cell><Cell ss:StyleID="s22"><Data ss:Type="String">(0.0222)</Data></Cell></Row><Row><Cell ss:StyleID="s32"><Data ss:Type="String">34.pair_id</Data></Cell><Cell ss:StyleID="s22"><Data ss:Type="String">-0.0931***</Data></Cell></Row><Row><Cell ss:StyleID="s32"><Data ss:Type="String"></Data></Cell><Cell ss:StyleID="s22"><Data ss:Type="String">(0.0250)</Data></Cell></Row><Row><Cell ss:StyleID="s32"><Data ss:Type="String">35.pair_id</Data></Cell><Cell ss:StyleID="s22"><Data ss:Type="String">-0.266***</Data></Cell></Row><Row><Cell ss:StyleID="s32"><Data ss:Type="String"></Data></Cell><Cell ss:StyleID="s22"><Data ss:Type="String">(0.0260)</Data></Cell></Row><Row><Cell ss:StyleID="s32"><Data ss:Type="String">36.pair_id</Data></Cell><Cell ss:StyleID="s22"><Data ss:Type="String">-0.458***</Data></Cell></Row><Row><Cell ss:StyleID="s32"><Data ss:Type="String"></Data></Cell><Cell ss:StyleID="s22"><Data ss:Type="String">(0.0205)</Data></Cell></Row><Row><Cell ss:StyleID="s32"><Data ss:Type="String">37.pair_id</Data></Cell><Cell ss:StyleID="s22"><Data ss:Type="String">-0.198***</Data></Cell></Row><Row><Cell ss:StyleID="s32"><Data ss:Type="String"></Data></Cell><Cell ss:StyleID="s22"><Data ss:Type="String">(0.0265)</Data></Cell></Row><Row><Cell ss:StyleID="s32"><Data ss:Type="String">38.pair_id</Data></Cell><Cell ss:StyleID="s22"><Data ss:Type="String">-0.348***</Data></Cell></Row><Row><Cell ss:StyleID="s32"><Data ss:Type="String"></Data></Cell><Cell ss:StyleID="s22"><Data ss:Type="String">(0.0217)</Data></Cell></Row><Row><Cell ss:StyleID="s32"><Data ss:Type="String">39.pair_id</Data></Cell><Cell ss:StyleID="s22"><Data ss:Type="String">-0.239***</Data></Cell></Row><Row><Cell ss:StyleID="s32"><Data ss:Type="String"></Data></Cell><Cell ss:StyleID="s22"><Data ss:Type="String">(0.0258)</Data></Cell></Row><Row><Cell ss:StyleID="s32"><Data ss:Type="String">40.pair_id</Data></Cell><Cell ss:StyleID="s22"><Data ss:Type="String">0.0206</Data></Cell></Row><Row><Cell ss:StyleID="s32"><Data ss:Type="String"></Data></Cell><Cell ss:StyleID="s22"><Data ss:Type="String">(0.0226)</Data></Cell></Row><Row><Cell ss:StyleID="s32"><Data ss:Type="String">41.pair_id</Data></Cell><Cell ss:StyleID="s22"><Data ss:Type="String">-0.0603*</Data></Cell></Row><Row><Cell ss:StyleID="s32"><Data ss:Type="String"></Data></Cell><Cell ss:StyleID="s22"><Data ss:Type="String">(0.0317)</Data></Cell></Row><Row><Cell ss:StyleID="s32"><Data ss:Type="String">42.pair_id</Data></Cell><Cell ss:StyleID="s22"><Data ss:Type="String">-0.206***</Data></Cell></Row><Row><Cell ss:StyleID="s32"><Data ss:Type="String"></Data></Cell><Cell ss:StyleID="s22"><Data ss:Type="String">(0.0285)</Data></Cell></Row><Row><Cell ss:StyleID="s32"><Data ss:Type="String">43.pair_id</Data></Cell><Cell ss:StyleID="s22"><Data ss:Type="String">-0.351***</Data></Cell></Row><Row><Cell ss:StyleID="s32"><Data ss:Type="String"></Data></Cell><Cell ss:StyleID="s22"><Data ss:Type="String">(0.0373)</Data></Cell></Row><Row><Cell ss:StyleID="s32"><Data ss:Type="String">44.pair_id</Data></Cell><Cell ss:StyleID="s22"><Data ss:Type="String">0.0707**</Data></Cell></Row><Row><Cell ss:StyleID="s32"><Data ss:Type="String"></Data></Cell><Cell ss:StyleID="s22"><Data ss:Type="String">(0.0332)</Data></Cell></Row><Row><Cell ss:StyleID="s32"><Data ss:Type="String">45.pair_id</Data></Cell><Cell ss:StyleID="s22"><Data ss:Type="String">0.555***</Data></Cell></Row><Row><Cell ss:StyleID="s32"><Data ss:Type="String"></Data></Cell><Cell ss:StyleID="s22"><Data ss:Type="String">(0.0125)</Data></Cell></Row><Row><Cell ss:StyleID="s32"><Data ss:Type="String">46.pair_id</Data></Cell><Cell ss:StyleID="s22"><Data ss:Type="String">0.268***</Data></Cell></Row><Row><Cell ss:StyleID="s32"><Data ss:Type="String"></Data></Cell><Cell ss:StyleID="s22"><Data ss:Type="String">(0.0137)</Data></Cell></Row><Row><Cell ss:StyleID="s32"><Data ss:Type="String">47.pair_id</Data></Cell><Cell ss:StyleID="s22"><Data ss:Type="String">-0.380***</Data></Cell></Row><Row><Cell ss:StyleID="s32"><Data ss:Type="String"></Data></Cell><Cell ss:StyleID="s22"><Data ss:Type="String">(0.0235)</Data></Cell></Row><Row><Cell ss:StyleID="s32"><Data ss:Type="String">48.pair_id</Data></Cell><Cell ss:StyleID="s22"><Data ss:Type="String">0.0684**</Data></Cell></Row><Row><Cell ss:StyleID="s32"><Data ss:Type="String"></Data></Cell><Cell ss:StyleID="s22"><Data ss:Type="String">(0.0313)</Data></Cell></Row><Row><Cell ss:StyleID="s32"><Data ss:Type="String">49.pair_id</Data></Cell><Cell ss:StyleID="s22"><Data ss:Type="String">-0.0599***</Data></Cell></Row><Row><Cell ss:StyleID="s32"><Data ss:Type="String"></Data></Cell><Cell ss:StyleID="s22"><Data ss:Type="String">(0.0186)</Data></Cell></Row><Row><Cell ss:StyleID="s32"><Data ss:Type="String">50.pair_id</Data></Cell><Cell ss:StyleID="s22"><Data ss:Type="String">-0.210***</Data></Cell></Row><Row><Cell ss:StyleID="s32"><Data ss:Type="String"></Data></Cell><Cell ss:StyleID="s22"><Data ss:Type="String">(0.0175)</Data></Cell></Row><Row><Cell ss:StyleID="s32"><Data ss:Type="String">51.pair_id</Data></Cell><Cell ss:StyleID="s22"><Data ss:Type="String">0.126***</Data></Cell></Row><Row><Cell ss:StyleID="s32"><Data ss:Type="String"></Data></Cell><Cell ss:StyleID="s22"><Data ss:Type="String">(0.0185)</Data></Cell></Row><Row><Cell ss:StyleID="s32"><Data ss:Type="String">52.pair_id</Data></Cell><Cell ss:StyleID="s22"><Data ss:Type="String">-0.120***</Data></Cell></Row><Row><Cell ss:StyleID="s32"><Data ss:Type="String"></Data></Cell><Cell ss:StyleID="s22"><Data ss:Type="String">(0.0178)</Data></Cell></Row><Row><Cell ss:StyleID="s32"><Data ss:Type="String">53.pair_id</Data></Cell><Cell ss:StyleID="s22"><Data ss:Type="String">-0.131***</Data></Cell></Row><Row><Cell ss:StyleID="s32"><Data ss:Type="String"></Data></Cell><Cell ss:StyleID="s22"><Data ss:Type="String">(0.0183)</Data></Cell></Row><Row><Cell ss:StyleID="s32"><Data ss:Type="String">54.pair_id</Data></Cell><Cell ss:StyleID="s22"><Data ss:Type="String">-0.164***</Data></Cell></Row><Row><Cell ss:StyleID="s32"><Data ss:Type="String"></Data></Cell><Cell ss:StyleID="s22"><Data ss:Type="String">(0.0182)</Data></Cell></Row><Row><Cell ss:StyleID="s32"><Data ss:Type="String">55.pair_id</Data></Cell><Cell ss:StyleID="s22"><Data ss:Type="String">0.0804***</Data></Cell></Row><Row><Cell ss:StyleID="s32"><Data ss:Type="String"></Data></Cell><Cell ss:StyleID="s22"><Data ss:Type="String">(0.0146)</Data></Cell></Row><Row><Cell ss:StyleID="s32"><Data ss:Type="String">hhreg_muslim</Data></Cell><Cell ss:StyleID="s22"><Data ss:Type="String">-0.0310</Data></Cell></Row><Row><Cell ss:StyleID="s32"><Data ss:Type="String"></Data></Cell><Cell ss:StyleID="s22"><Data ss:Type="String">(0.128)</Data></Cell></Row><Row><Cell ss:StyleID="s32"><Data ss:Type="String">hhcaste_bc</Data></Cell><Cell ss:StyleID="s22"><Data ss:Type="String">-0.0956</Data></Cell></Row><Row><Cell ss:StyleID="s32"><Data ss:Type="String"></Data></Cell><Cell ss:StyleID="s22"><Data ss:Type="String">(0.0619)</Data></Cell></Row><Row><Cell ss:StyleID="s32"><Data ss:Type="String">hhcaste_sc_st</Data></Cell><Cell ss:StyleID="s22"><Data ss:Type="String">-0.00603</Data></Cell></Row><Row><Cell ss:StyleID="s32"><Data ss:Type="String"></Data></Cell><Cell ss:StyleID="s22"><Data ss:Type="String">(0.0569)</Data></Cell></Row><Row><Cell ss:StyleID="s32"><Data ss:Type="String">hhcaste_fc</Data></Cell><Cell ss:StyleID="s22"><Data ss:Type="String">0.137</Data></Cell></Row><Row><Cell ss:StyleID="s32"><Data ss:Type="String"></Data></Cell><Cell ss:StyleID="s22"><Data ss:Type="String">(0.185)</Data></Cell></Row><Row><Cell ss:StyleID="s32"><Data ss:Type="String">gender_hoh</Data></Cell><Cell ss:StyleID="s22"><Data ss:Type="String">0.0662</Data></Cell></Row><Row><Cell ss:StyleID="s32"><Data ss:Type="String"></Data></Cell><Cell ss:StyleID="s22"><Data ss:Type="String">(0.0505)</Data></Cell></Row><Row><Cell ss:StyleID="s32"><Data ss:Type="String">educyears_hoh</Data></Cell><Cell ss:StyleID="s22"><Data ss:Type="String">0.0155***</Data></Cell></Row><Row><Cell ss:StyleID="s32"><Data ss:Type="String"></Data></Cell><Cell ss:StyleID="s22"><Data ss:Type="String">(0.00539)</Data></Cell></Row><Row><Cell ss:StyleID="s32"><Data ss:Type="String">age_hoh</Data></Cell><Cell ss:StyleID="s22"><Data ss:Type="String">-0.00131</Data></Cell></Row><Row><Cell ss:StyleID="s32"><Data ss:Type="String"></Data></Cell><Cell ss:StyleID="s22"><Data ss:Type="String">(0.00168)</Data></Cell></Row><Row><Cell ss:StyleID="s32"><Data ss:Type="String">total_borrowed_amount</Data></Cell><Cell ss:StyleID="s22"><Data ss:Type="String">1.96e-06***</Data></Cell></Row><Row><Cell ss:StyleID="s32"><Data ss:Type="String"></Data></Cell><Cell ss:StyleID="s22"><Data ss:Type="String">(2.20e-07)</Data></Cell></Row><Row><Cell ss:StyleID="s32"><Data ss:Type="String">hhnomembers</Data></Cell><Cell ss:StyleID="s22"><Data ss:Type="String">0.0834***</Data></Cell></Row><Row><Cell ss:StyleID="s32"><Data ss:Type="String"></Data></Cell><Cell ss:StyleID="s22"><Data ss:Type="String">(0.00974)</Data></Cell></Row><Row><Cell ss:StyleID="s32"><Data ss:Type="String">hhreg_christian</Data></Cell><Cell ss:StyleID="s22"><Data ss:Type="String">0.0210</Data></Cell></Row><Row><Cell ss:StyleID="s32"><Data ss:Type="String"></Data></Cell><Cell ss:StyleID="s22"><Data ss:Type="String">(0.0940)</Data></Cell></Row><Row><Cell ss:StyleID="s32"><Data ss:Type="String">poverty_line</Data></Cell><Cell ss:StyleID="s22"><Data ss:Type="String">-6.827***</Data></Cell></Row><Row><Cell ss:StyleID="s32"><Data ss:Type="String"></Data></Cell><Cell ss:StyleID="s22"><Data ss:Type="String">(0.230)</Data></Cell></Row><Row><Cell ss:StyleID="s32"><Data ss:Type="String">Constant</Data></Cell><Cell ss:StyleID="s22"><Data ss:Type="String">8.259***</Data></Cell></Row><Row><Cell ss:StyleID="s32"><Data ss:Type="String"></Data></Cell><Cell ss:StyleID="s22"><Data ss:Type="String">(0.114)</Data></Cell></Row><Row><Cell ss:StyleID="s32"><Data ss:Type="String"></Data></Cell><Cell ss:StyleID="s22"><Data ss:Type="String"></Data></Cell></Row><Row><Cell ss:StyleID="s32"><Data ss:Type="String">Observations</Data></Cell><Cell ss:StyleID="s22"><Data ss:Type="String">3,799</Data></Cell></Row><Row><Cell ss:StyleID="s33"><Data ss:Type="String">R-squared</Data></Cell><Cell ss:StyleID="s23"><Data ss:Type="String">0.725</Data></Cell></Row><Row><Cell ss:StyleID="s24"><Data ss:Type="String">Robust standard errors in parentheses</Data></Cell></Row><Row><Cell ss:StyleID="s24"><Data ss:Type="String">*** p&lt;0.01, ** p&lt;0.05, * p&lt;0.1</Data></Cell></Row></Table><WorksheetOptions xmlns="urn:schemas-microsoft-com:office:excel"><ProtectedObjects>False</ProtectedObjects><ProtectedScenarios>False</ProtectedScenarios></WorksheetOptions></Worksheet></Workbook>