cz,czname,county_full
100,Johnson City,47019
100,Johnson City,47059
100,Johnson City,47073
100,Johnson City,47163
100,Johnson City,47171
100,Johnson City,47179
100,Johnson City,51169
100,Johnson City,51173
100,Johnson City,51191
100,Johnson City,51520
200,Morristown,47029
200,Morristown,47057
200,Morristown,47063
200,Morristown,47089
200,Morristown,47155
301,Middlesborough,21013
301,Middlesborough,47025
301,Middlesborough,47067
302,Knoxville,47001
302,Knoxville,47009
302,Knoxville,47013
302,Knoxville,47093
302,Knoxville,47105
302,Knoxville,47129
302,Knoxville,47145
302,Knoxville,47173
401,Winston-Salem,37059
401,Winston-Salem,37067
401,Winston-Salem,37169
401,Winston-Salem,37171
401,Winston-Salem,37197
402,Martinsville,51089
402,Martinsville,51141
402,Martinsville,51690
500,Greensboro,37001
500,Greensboro,37033
500,Greensboro,37057
500,Greensboro,37081
500,Greensboro,37151
500,Greensboro,37157
500,Greensboro,51143
500,Greensboro,51590
601,North Wilkesboro,37009
601,North Wilkesboro,37193
602,Galax,37005
602,Galax,51035
602,Galax,51077
602,Galax,51640
700,Spartanburg,37149
700,Spartanburg,45021
700,Spartanburg,45083
700,Spartanburg,45087
800,Gastonia,37045
800,Gastonia,37071
800,Gastonia,37109
800,Gastonia,37161
900,Charlotte,37007
900,Charlotte,37025
900,Charlotte,37119
900,Charlotte,37159
900,Charlotte,37167
900,Charlotte,37179
900,Charlotte,45023
900,Charlotte,45057
900,Charlotte,45091
1001,Boone,37011
1001,Boone,37189
1001,Boone,47091
1002,Morganton,37023
1002,Morganton,37111
1002,Morganton,37121
1002,Morganton,37199
1100,Hickory,37003
1100,Hickory,37027
1100,Hickory,37035
1100,Hickory,37097
1201,Franklin,13241
1201,Franklin,37113
1202,Sylva,37075
1202,Sylva,37099
1202,Sylva,37173
1203,Asheville,37021
1203,Asheville,37087
1203,Asheville,37089
1203,Asheville,37115
1203,Asheville,37175
1204,Andrews,13281
1204,Andrews,13291
1204,Andrews,37039
1204,Andrews,37043
1301,Bennettsville,45025
1301,Bennettsville,45069
1302,Florence,45031
1302,Florence,45033
1302,Florence,45041
1302,Florence,45043
1302,Florence,45051
1302,Florence,45067
1302,Florence,45089
1400,Fayetteville,37051
1400,Fayetteville,37093
1400,Fayetteville,37123
1400,Fayetteville,37125
1400,Fayetteville,37153
1400,Fayetteville,37155
1400,Fayetteville,37165
1500,Wilmington,37017
1500,Wilmington,37019
1500,Wilmington,37047
1500,Wilmington,37129
1500,Wilmington,37141
1600,Wilson,37065
1600,Wilson,37127
1600,Wilson,37195
1701,Raleigh,37037
1701,Raleigh,37063
1701,Raleigh,37069
1701,Raleigh,37077
1701,Raleigh,37085
1701,Raleigh,37101
1701,Raleigh,37105
1701,Raleigh,37135
1701,Raleigh,37145
1701,Raleigh,37183
1702,Henderson,37181
1702,Henderson,37185
1800,Goldsboro,37061
1800,Goldsboro,37163
1800,Goldsboro,37191
1900,Jacksonville,37031
1900,Jacksonville,37049
1900,Jacksonville,37079
1900,Jacksonville,37103
1900,Jacksonville,37107
1900,Jacksonville,37133
1900,Jacksonville,37137
1900,Jacksonville,37147
2000,Virginia Beach,37029
2000,Virginia Beach,37041
2000,Virginia Beach,37053
2000,Virginia Beach,37073
2000,Virginia Beach,37139
2000,Virginia Beach,37143
2000,Virginia Beach,51550
2000,Virginia Beach,51710
2000,Virginia Beach,51740
2000,Virginia Beach,51800
2000,Virginia Beach,51810
2100,Washington,37013
2100,Washington,37055
2100,Washington,37095
2100,Washington,37117
2100,Washington,37177
2100,Washington,37187
2200,South Boston,51025
2200,South Boston,51037
2200,South Boston,51049
2200,South Boston,51083
2200,South Boston,51111
2200,South Boston,51117
2200,South Boston,51135
2200,South Boston,51147
2300,Lynchburg,51009
2300,Lynchburg,51011
2300,Lynchburg,51019
2300,Lynchburg,51031
2300,Lynchburg,51680
2400,Richmond,51007
2400,Richmond,51036
2400,Richmond,51041
2400,Richmond,51053
2400,Richmond,51075
2400,Richmond,51085
2400,Richmond,51087
2400,Richmond,51097
2400,Richmond,51101
2400,Richmond,51127
2400,Richmond,51145
2400,Richmond,51149
2400,Richmond,51183
2400,Richmond,51570
2400,Richmond,51670
2400,Richmond,51730
2400,Richmond,51760
2500,Newport News,51073
2500,Newport News,51093
2500,Newport News,51095
2500,Newport News,51115
2500,Newport News,51119
2500,Newport News,51175
2500,Newport News,51181
2500,Newport News,51199
2500,Newport News,51620
2500,Newport News,51650
2500,Newport News,51700
2500,Newport News,51735
2500,Newport News,51830
2600,Roanoke Rapids,37015
2600,Roanoke Rapids,37083
2600,Roanoke Rapids,37091
2600,Roanoke Rapids,37131
2600,Roanoke Rapids,51081
2600,Roanoke Rapids,51595
2700,Gulfport,28039
2700,Gulfport,28041
2700,Gulfport,28045
2700,Gulfport,28047
2700,Gulfport,28059
2700,Gulfport,28109
2700,Gulfport,28131
2800,Laurel,28061
2800,Laurel,28067
2800,Laurel,28129
2800,Laurel,28153
2900,Hattiesburg,28031
2900,Hattiesburg,28035
2900,Hattiesburg,28065
2900,Hattiesburg,28073
2900,Hattiesburg,28111
3001,Kosciusko,28007
3001,Kosciusko,28051
3002,Yazoo City,28053
3002,Yazoo City,28163
3003,Jackson,28029
3003,Jackson,28049
3003,Jackson,28079
3003,Jackson,28089
3003,Jackson,28121
3003,Jackson,28123
3003,Jackson,28127
3101,McComb,28005
3101,McComb,28091
3101,McComb,28113
3101,McComb,28147
3101,McComb,28157
3102,Brookhaven,28077
3102,Brookhaven,28085
3201,Jena,22025
3201,Jena,22059
3202,Natchez,22029
3202,Natchez,22107
3202,Natchez,28001
3202,Natchez,28037
3203,Vicksburg,22065
3203,Vicksburg,28021
3203,Vicksburg,28063
3203,Vicksburg,28149
3300,New Orleans,22051
3300,New Orleans,22071
3300,New Orleans,22075
3300,New Orleans,22087
3300,New Orleans,22089
3300,New Orleans,22093
3300,New Orleans,22095
3300,New Orleans,22103
3300,New Orleans,22117
3400,Houma,22007
3400,Houma,22057
3400,Houma,22101
3400,Houma,22109
3500,Baton Rouge,22005
3500,Baton Rouge,22033
3500,Baton Rouge,22037
3500,Baton Rouge,22047
3500,Baton Rouge,22063
3500,Baton Rouge,22077
3500,Baton Rouge,22091
3500,Baton Rouge,22105
3500,Baton Rouge,22121
3500,Baton Rouge,22125
3600,Alexandria,22009
3600,Alexandria,22043
3600,Alexandria,22079
3700,Lake Charles,22003
3700,Lake Charles,22011
3700,Lake Charles,22019
3700,Lake Charles,22023
3700,Lake Charles,22053
3700,Lake Charles,22115
3800,Lafayette,22001
3800,Lafayette,22039
3800,Lafayette,22045
3800,Lafayette,22055
3800,Lafayette,22097
3800,Lafayette,22099
3800,Lafayette,22113
3901,Monroe,22021
3901,Monroe,22041
3901,Monroe,22067
3901,Monroe,22073
3901,Monroe,22083
3901,Monroe,22111
3902,Lake Providence,22035
3902,Lake Providence,22123
4001,Magnolia,5027
4001,Magnolia,5073
4002,Shreveport,22013
4002,Shreveport,22015
4002,Shreveport,22017
4002,Shreveport,22027
4002,Shreveport,22031
4002,Shreveport,22069
4002,Shreveport,22081
4002,Shreveport,22119
4003,Ruston,22049
4003,Ruston,22061
4003,Ruston,22127
4004,Many,22085
4101,Crossett,5003
4102,Pine Bluff,5011
4102,Pine Bluff,5017
4102,Pine Bluff,5025
4102,Pine Bluff,5041
4102,Pine Bluff,5043
4102,Pine Bluff,5069
4102,Pine Bluff,5079
4103,El Dorado,5013
4103,El Dorado,5039
4103,El Dorado,5103
4103,El Dorado,5139
4200,Little Rock,5029
4200,Little Rock,5045
4200,Little Rock,5053
4200,Little Rock,5085
4200,Little Rock,5105
4200,Little Rock,5119
4200,Little Rock,5125
4301,Stuttgart,5001
4301,Stuttgart,5095
4301,Stuttgart,5117
4302,Searcy,5067
4302,Searcy,5145
4302,Searcy,5147
4401,London,21051
4401,London,21121
4401,London,21125
4401,London,21235
4402,Richmond,21065
4402,Richmond,21109
4402,Richmond,21151
4402,Richmond,21203
4501,West Liberty,21025
4501,West Liberty,21129
4501,West Liberty,21175
4501,West Liberty,21189
4501,West Liberty,21237
4502,Hazard,21095
4502,Hazard,21119
4502,Hazard,21131
4502,Hazard,21133
4502,Hazard,21193
4601,Campbellsville,21001
4601,Campbellsville,21045
4601,Campbellsville,21087
4601,Campbellsville,21207
4601,Campbellsville,21217
4602,Somerset,21053
4602,Somerset,21147
4602,Somerset,21199
4602,Somerset,21231
4602,Somerset,47151
4701,Greenwood,28015
4701,Greenwood,28043
4701,Greenwood,28083
4701,Greenwood,28097
4702,Clarksdale,28027
4702,Clarksdale,28071
4702,Clarksdale,28107
4702,Clarksdale,28119
4702,Clarksdale,28135
4702,Clarksdale,28161
4800,Greenville,28011
4800,Greenville,28055
4800,Greenville,28125
4800,Greenville,28133
4800,Greenville,28151
4901,Jackson,47023
4901,Jackson,47033
4901,Jackson,47053
4901,Jackson,47069
4901,Jackson,47113
4902,Dyersburg,47045
4902,Dyersburg,47075
4902,Dyersburg,47095
4902,Dyersburg,47097
4903,Lexington,47039
4903,Lexington,47077
4903,Lexington,47135
5000,Tupelo,28013
5000,Tupelo,28017
5000,Tupelo,28057
5000,Tupelo,28081
5000,Tupelo,28095
5000,Tupelo,28115
5100,Corinth,28003
5100,Corinth,28117
5100,Corinth,28141
5100,Corinth,47071
5100,Corinth,47109
5201,New Albany,28009
5201,New Albany,28139
5201,New Albany,28145
5202,Memphis,28033
5202,Memphis,28093
5202,Memphis,28137
5202,Memphis,28143
5202,Memphis,47047
5202,Memphis,47157
5202,Memphis,47167
5300,West Memphis,5035
5300,West Memphis,5037
5300,West Memphis,5077
5300,West Memphis,5107
5300,West Memphis,5123
5401,Bowling Green,21003
5401,Bowling Green,21061
5401,Bowling Green,21141
5401,Bowling Green,21213
5401,Bowling Green,21227
5402,Glasgow,21009
5402,Glasgow,21057
5402,Glasgow,21099
5402,Glasgow,21169
5402,Glasgow,21171
5402,Glasgow,47027
5500,Columbia,47055
5500,Columbia,47081
5500,Columbia,47101
5500,Columbia,47117
5500,Columbia,47119
5600,Nashville,47015
5600,Nashville,47021
5600,Nashville,47037
5600,Nashville,47111
5600,Nashville,47147
5600,Nashville,47149
5600,Nashville,47159
5600,Nashville,47165
5600,Nashville,47169
5600,Nashville,47187
5600,Nashville,47189
5700,Tullahoma,47003
5700,Tullahoma,47031
5700,Tullahoma,47051
5700,Tullahoma,47127
5800,Dickson,47005
5800,Dickson,47017
5800,Dickson,47043
5800,Dickson,47079
5800,Dickson,47085
5900,Clarksville,21047
5900,Clarksville,21219
5900,Clarksville,21221
5900,Clarksville,47083
5900,Clarksville,47125
5900,Clarksville,47161
6000,Huntsville,1079
6000,Huntsville,1083
6000,Huntsville,1089
6000,Huntsville,1103
6000,Huntsville,47103
6100,Gadsden,1049
6100,Gadsden,1055
6100,Gadsden,1071
6100,Gadsden,1095
6200,Florence,1033
6200,Florence,1059
6200,Florence,1077
6200,Florence,47099
6200,Florence,47181
6301,McMinnville,47041
6301,McMinnville,47175
6301,McMinnville,47177
6301,McMinnville,47185
6302,Cookeville,47087
6302,Cookeville,47133
6302,Cookeville,47137
6302,Cookeville,47141
6401,Chattanooga,13047
6401,Chattanooga,13083
6401,Chattanooga,13295
6401,Chattanooga,47061
6401,Chattanooga,47065
6401,Chattanooga,47115
6401,Chattanooga,47153
6402,Crossville,47007
6402,Crossville,47035
6402,Crossville,47049
6402,Crossville,47143
6501,Ellijay,13111
6501,Ellijay,13123
6502,Cleveland,47011
6502,Cleveland,47107
6502,Cleveland,47121
6502,Cleveland,47123
6502,Cleveland,47139
6600,Rome,1019
6600,Rome,13015
6600,Rome,13055
6600,Rome,13115
6600,Rome,13129
6600,Rome,13213
6600,Rome,13233
6600,Rome,13313
6700,Tampa,12053
6700,Tampa,12057
6700,Tampa,12101
6700,Tampa,12103
6800,Lakeland,12049
6800,Lakeland,12055
6800,Lakeland,12105
6900,Sarasota,12015
6900,Sarasota,12027
6900,Sarasota,12081
6900,Sarasota,12115
7000,Miami,12011
7000,Miami,12086
7000,Miami,12087
7100,Port St. Lucie,12043
7100,Port St. Lucie,12051
7100,Port St. Lucie,12085
7100,Port St. Lucie,12093
7100,Port St. Lucie,12099
7100,Port St. Lucie,12111
7200,Cape Coral,12021
7200,Cape Coral,12071
7300,Palm Bay,12009
7300,Palm Bay,12061
7400,Orlando,12069
7400,Orlando,12095
7400,Orlando,12097
7400,Orlando,12117
7400,Orlando,12119
7500,Deltona,12035
7500,Deltona,12107
7500,Deltona,12127
7600,Jacksonville,12003
7600,Jacksonville,12019
7600,Jacksonville,12031
7600,Jacksonville,12089
7600,Jacksonville,12109
7600,Jacksonville,13039
7600,Jacksonville,13049
7700,Lake City,12023
7700,Lake City,12047
7700,Lake City,12067
7700,Lake City,12079
7700,Lake City,12121
7700,Lake City,12123
7800,Ocala,12017
7800,Ocala,12083
7900,Gainesville,12001
7900,Gainesville,12007
7900,Gainesville,12029
7900,Gainesville,12041
7900,Gainesville,12075
7900,Gainesville,12125
8000,Sumter,45027
8000,Sumter,45055
8000,Sumter,45061
8000,Sumter,45085
8100,Columbia,45017
8100,Columbia,45039
8100,Columbia,45063
8100,Columbia,45071
8100,Columbia,45075
8100,Columbia,45079
8100,Columbia,45081
8201,Barnwell,45005
8201,Barnwell,45009
8201,Barnwell,45011
8201,Barnwell,45049
8202,Charleston,45015
8202,Charleston,45019
8202,Charleston,45029
8202,Charleston,45035
8300,Greenville,45001
8300,Greenville,45007
8300,Greenville,45045
8300,Greenville,45047
8300,Greenville,45059
8300,Greenville,45065
8300,Greenville,45073
8300,Greenville,45077
8401,Aiken,13033
8401,Aiken,13073
8401,Aiken,13125
8401,Aiken,13163
8401,Aiken,13189
8401,Aiken,13245
8401,Aiken,13301
8401,Aiken,45003
8401,Aiken,45037
8402,Washington,13133
8402,Washington,13181
8402,Washington,13265
8402,Washington,13317
8501,Fitzgerald,13017
8501,Fitzgerald,13155
8502,Cordele,13081
8502,Cordele,13093
8502,Cordele,13315
8503,Valdosta,13019
8503,Valdosta,13027
8503,Valdosta,13071
8503,Valdosta,13075
8503,Valdosta,13101
8503,Valdosta,13173
8503,Valdosta,13185
8503,Valdosta,13277
8503,Valdosta,13287
8601,Waycross,13003
8601,Waycross,13005
8601,Waycross,13065
8601,Waycross,13069
8601,Waycross,13229
8601,Waycross,13299
8602,Brunswick,13025
8602,Brunswick,13127
8602,Brunswick,13191
8701,Hinesville,13109
8701,Hinesville,13179
8701,Hinesville,13183
8701,Hinesville,13267
8701,Hinesville,13305
8702,Statesboro,13031
8702,Statesboro,13043
8702,Statesboro,13107
8702,Statesboro,13165
8702,Statesboro,13251
8800,Savannah,13029
8800,Savannah,13051
8800,Savannah,13103
8800,Savannah,45013
8800,Savannah,45053
8900,Macon,13021
8900,Macon,13023
8900,Macon,13079
8900,Macon,13153
8900,Macon,13169
8900,Macon,13207
8900,Macon,13225
8900,Macon,13235
8900,Macon,13269
8900,Macon,13289
9001,Vidalia,13001
9001,Vidalia,13091
9001,Vidalia,13161
9001,Vidalia,13209
9001,Vidalia,13271
9001,Vidalia,13279
9001,Vidalia,13283
9001,Vidalia,13309
9002,Milledgeville,13009
9002,Milledgeville,13141
9002,Milledgeville,13237
9002,Milledgeville,13319
9003,Dublin,13167
9003,Dublin,13175
9003,Dublin,13303
9100,Atlanta,13057
9100,Atlanta,13063
9100,Atlanta,13067
9100,Atlanta,13085
9100,Atlanta,13089
9100,Atlanta,13097
9100,Atlanta,13113
9100,Atlanta,13117
9100,Atlanta,13121
9100,Atlanta,13135
9100,Atlanta,13151
9100,Atlanta,13159
9100,Atlanta,13211
9100,Atlanta,13217
9100,Atlanta,13223
9100,Atlanta,13227
9100,Atlanta,13247
9100,Atlanta,13297
9200,Griffin,13035
9200,Griffin,13171
9200,Griffin,13231
9200,Griffin,13255
9200,Griffin,13293
9301,Winder,13013
9301,Winder,13059
9301,Winder,13195
9301,Winder,13219
9301,Winder,13221
9302,Toccoa,13105
9302,Toccoa,13119
9302,Toccoa,13147
9302,Toccoa,13257
9400,Gainesville,13011
9400,Gainesville,13137
9400,Gainesville,13139
9400,Gainesville,13157
9400,Gainesville,13187
9400,Gainesville,13311
9500,Talladega,1027
9500,Talladega,1037
9500,Talladega,1121
9500,Talladega,1123
9600,LaGrange,1015
9600,LaGrange,1017
9600,LaGrange,1029
9600,LaGrange,1111
9600,LaGrange,13045
9600,LaGrange,13077
9600,LaGrange,13143
9600,LaGrange,13149
9600,LaGrange,13285
9701,Columbus,1113
9701,Columbus,13053
9701,Columbus,13145
9701,Columbus,13199
9701,Columbus,13215
9701,Columbus,13263
9702,Americus,13193
9702,Americus,13197
9702,Americus,13249
9702,Americus,13259
9702,Americus,13261
9702,Americus,13307
9800,Auburn,1011
9800,Auburn,1081
9800,Auburn,1087
9900,Tallahassee,12013
9900,Tallahassee,12039
9900,Tallahassee,12059
9900,Tallahassee,12063
9900,Tallahassee,12065
9900,Tallahassee,12073
9900,Tallahassee,12077
9900,Tallahassee,12129
9900,Tallahassee,12133
10000,Panama City,12005
10000,Panama City,12037
10000,Panama City,12045
10101,Bainbridge,13087
10101,Bainbridge,13201
10101,Bainbridge,13253
10102,Thomasville,13131
10102,Thomasville,13275
10200,Albany,13007
10200,Albany,13095
10200,Albany,13177
10200,Albany,13205
10200,Albany,13273
10200,Albany,13321
10301,Eufaula,1005
10301,Eufaula,13037
10301,Eufaula,13061
10301,Eufaula,13099
10301,Eufaula,13239
10301,Eufaula,13243
10302,Dothan,1031
10302,Dothan,1045
10302,Dothan,1061
10302,Dothan,1067
10302,Dothan,1069
10400,Meridian,28023
10400,Meridian,28069
10400,Meridian,28075
10400,Meridian,28099
10400,Meridian,28101
10501,Columbus,1107
10501,Columbus,28087
10501,Columbus,28103
10502,Starkville,28019
10502,Starkville,28025
10502,Starkville,28105
10502,Starkville,28155
10502,Starkville,28159
10600,Jasper,1057
10600,Jasper,1075
10600,Jasper,1093
10600,Jasper,1127
10600,Jasper,1133
10700,Birmingham,1009
10700,Birmingham,1021
10700,Birmingham,1043
10700,Birmingham,1073
10700,Birmingham,1115
10700,Birmingham,1117
10801,Tuscaloosa,1007
10801,Tuscaloosa,1047
10801,Tuscaloosa,1065
10801,Tuscaloosa,1105
10801,Tuscaloosa,1125
10802,Demopolis,1023
10802,Demopolis,1063
10802,Demopolis,1091
10802,Demopolis,1119
10900,Pensacola,12033
10900,Pensacola,12091
10900,Pensacola,12113
10900,Pensacola,12131
11001,Mobile,1003
11001,Mobile,1025
11001,Mobile,1097
11001,Mobile,1129
11001,Mobile,1131
11002,Atmore,1035
11002,Atmore,1053
11002,Atmore,1099
11101,Montgomery,1001
11101,Montgomery,1013
11101,Montgomery,1051
11101,Montgomery,1085
11101,Montgomery,1101
11102,Troy,1039
11102,Troy,1041
11102,Troy,1109
11201,Bluefield,51021
11201,Bluefield,51027
11201,Bluefield,51167
11201,Bluefield,51185
11201,Bluefield,51197
11201,Bluefield,54055
11202,Welch,54047
11202,Welch,54109
11203,Big Stone Gap,51051
11203,Big Stone Gap,51105
11203,Big Stone Gap,51195
11203,Big Stone Gap,51720
11301,Fredericksburg,51033
11301,Fredericksburg,51099
11301,Fredericksburg,51177
11301,Fredericksburg,51179
11301,Fredericksburg,51630
11302,Baltimore,24003
11302,Baltimore,24005
11302,Baltimore,24013
11302,Baltimore,24025
11302,Baltimore,24027
11302,Baltimore,24510
11303,Colonial Beach,51057
11303,Colonial Beach,51103
11303,Colonial Beach,51133
11303,Colonial Beach,51159
11303,Colonial Beach,51193
11304,Washington DC,11001
11304,Washington DC,24009
11304,Washington DC,24017
11304,Washington DC,24021
11304,Washington DC,24031
11304,Washington DC,24033
11304,Washington DC,24037
11304,Washington DC,51013
11304,Washington DC,51059
11304,Washington DC,51061
11304,Washington DC,51107
11304,Washington DC,51153
11304,Washington DC,51157
11304,Washington DC,51187
11304,Washington DC,51510
11304,Washington DC,51600
11304,Washington DC,51610
11304,Washington DC,51683
11304,Washington DC,51685
11401,Marquette,26003
11401,Marquette,26041
11401,Marquette,26103
11401,Marquette,26153
11402,Marinette,26043
11402,Marinette,26071
11402,Marinette,26109
11402,Marinette,55037
11402,Marinette,55075
11403,Sault Ste. Marie,26033
11403,Sault Ste. Marie,26095
11403,Sault Ste. Marie,26097
11500,Jackson,26059
11500,Jackson,26075
11500,Jackson,26091
11600,Detroit,26049
11600,Detroit,26087
11600,Detroit,26093
11600,Detroit,26099
11600,Detroit,26125
11600,Detroit,26147
11600,Detroit,26151
11600,Detroit,26155
11600,Detroit,26161
11600,Detroit,26163
11700,Lansing,26037
11700,Lansing,26045
11700,Lansing,26065
11800,Mount Pleasant,26035
11800,Mount Pleasant,26057
11800,Mount Pleasant,26073
11900,Saginaw,26011
11900,Saginaw,26017
11900,Saginaw,26051
11900,Saginaw,26063
11900,Saginaw,26111
11900,Saginaw,26145
11900,Saginaw,26157
12001,Big Rapids,26085
12001,Big Rapids,26107
12001,Big Rapids,26113
12001,Big Rapids,26133
12001,Big Rapids,26165
12002,Ludington,26101
12002,Ludington,26105
12100,Kalamazoo,26015
12100,Kalamazoo,26025
12100,Kalamazoo,26077
12100,Kalamazoo,26159
12200,Grand Rapids,26005
12200,Grand Rapids,26067
12200,Grand Rapids,26081
12200,Grand Rapids,26117
12200,Grand Rapids,26121
12200,Grand Rapids,26123
12200,Grand Rapids,26127
12200,Grand Rapids,26139
12301,Traverse City,26009
12301,Traverse City,26019
12301,Traverse City,26055
12301,Traverse City,26079
12301,Traverse City,26089
12302,Petoskey,26029
12302,Petoskey,26031
12302,Petoskey,26047
12401,Alpena,26001
12401,Alpena,26007
12401,Alpena,26069
12401,Alpena,26141
12402,Grayling charter,26039
12402,Grayling charter,26119
12402,Grayling charter,26129
12402,Grayling charter,26135
12402,Grayling charter,26137
12402,Grayling charter,26143
12501,Dayton,39021
12501,Dayton,39023
12501,Dayton,39037
12501,Dayton,39057
12501,Dayton,39091
12501,Dayton,39109
12501,Dayton,39113
12501,Dayton,39135
12501,Dayton,39149
12502,Washington Court House,39027
12502,Washington Court House,39047
12502,Washington Court House,39071
12600,Wayne,18041
12600,Wayne,18161
12600,Wayne,18177
12701,Cincinnati,21015
12701,Cincinnati,21037
12701,Cincinnati,21077
12701,Cincinnati,21081
12701,Cincinnati,21117
12701,Cincinnati,21191
12701,Cincinnati,39001
12701,Cincinnati,39015
12701,Cincinnati,39017
12701,Cincinnati,39025
12701,Cincinnati,39061
12701,Cincinnati,39165
12702,Maysville,21023
12702,Maysville,21069
12702,Maysville,21135
12702,Maysville,21161
12800,Washington,18029
12800,Washington,18031
12800,Washington,18047
12800,Washington,18115
12800,Washington,18137
12800,Washington,18155
12901,Lexington-Fayette,21005
12901,Lexington-Fayette,21017
12901,Lexington-Fayette,21049
12901,Lexington-Fayette,21067
12901,Lexington-Fayette,21073
12901,Lexington-Fayette,21097
12901,Lexington-Fayette,21113
12901,Lexington-Fayette,21181
12901,Lexington-Fayette,21187
12901,Lexington-Fayette,21197
12901,Lexington-Fayette,21201
12901,Lexington-Fayette,21209
12901,Lexington-Fayette,21239
12902,Mount Sterling,21011
12902,Mount Sterling,21165
12902,Mount Sterling,21173
12903,Danville,21021
12903,Danville,21079
12903,Danville,21137
12903,Danville,21167
13000,Elizabethtown,21027
13000,Elizabethtown,21085
13000,Elizabethtown,21093
13000,Elizabethtown,21123
13000,Elizabethtown,21163
13101,Louisville,18019
13101,Louisville,18025
13101,Louisville,18043
13101,Louisville,18061
13101,Louisville,18175
13101,Louisville,21029
13101,Louisville,21103
13101,Louisville,21111
13101,Louisville,21185
13101,Louisville,21211
13101,Louisville,21215
13102,Madison,18077
13102,Madison,21041
13102,Madison,21223
13103,Bardstown,21155
13103,Bardstown,21179
13103,Bardstown,21229
13200,Owensboro,21031
13200,Owensboro,21059
13200,Owensboro,21091
13200,Owensboro,21149
13200,Owensboro,21177
13200,Owensboro,21183
13300,Findlay,39063
13300,Findlay,39065
13300,Findlay,39143
13300,Findlay,39147
13300,Findlay,39175
13400,Lima,39003
13400,Lima,39011
13400,Lima,39107
13400,Lima,39137
13400,Lima,39161
13501,Toledo,26115
13501,Toledo,39051
13501,Toledo,39069
13501,Toledo,39095
13501,Toledo,39123
13501,Toledo,39173
13502,Defiance,39039
13502,Defiance,39125
13502,Defiance,39171
13600,South Bend,18091
13600,South Bend,18099
13600,South Bend,18141
13600,South Bend,18149
13600,South Bend,26021
13600,South Bend,26027
13700,Concord,18039
13700,Concord,18087
13700,Concord,18113
13700,Concord,26023
13700,Concord,26149
13800,Wayne,18049
13800,Wayne,18085
13800,Wayne,18169
13900,Center,18017
13900,Center,18067
13900,Center,18103
13900,Center,18131
13900,Center,18159
14000,Muncie,18009
14000,Muncie,18035
14000,Muncie,18053
14000,Muncie,18065
14000,Muncie,18095
14000,Muncie,18135
14100,Fort Wayne,18001
14100,Fort Wayne,18003
14100,Fort Wayne,18033
14100,Fort Wayne,18069
14100,Fort Wayne,18075
14100,Fort Wayne,18151
14100,Fort Wayne,18179
14100,Fort Wayne,18183
14200,Indianapolis,18011
14200,Indianapolis,18013
14200,Indianapolis,18057
14200,Indianapolis,18059
14200,Indianapolis,18063
14200,Indianapolis,18081
14200,Indianapolis,18097
14200,Indianapolis,18109
14200,Indianapolis,18139
14200,Indianapolis,18145
14300,Columbus,18005
14300,Columbus,18071
14300,Columbus,18079
14300,Columbus,18143
14400,Terre Haute,18021
14400,Terre Haute,18107
14400,Terre Haute,18121
14400,Terre Haute,18133
14400,Terre Haute,18153
14400,Terre Haute,18165
14400,Terre Haute,18167
14500,Lafayette,17183
14500,Lafayette,18007
14500,Lafayette,18015
14500,Lafayette,18023
14500,Lafayette,18045
14500,Lafayette,18157
14500,Lafayette,18171
14500,Lafayette,18181
14600,Bloomington,18027
14600,Bloomington,18055
14600,Bloomington,18093
14600,Bloomington,18101
14600,Bloomington,18105
14600,Bloomington,18117
14600,Bloomington,18119
14700,Evansville,17185
14700,Evansville,18037
14700,Evansville,18051
14700,Evansville,18123
14700,Evansville,18125
14700,Evansville,18129
14700,Evansville,18147
14700,Evansville,18163
14700,Evansville,18173
14801,Olney,17047
14801,Olney,17159
14801,Olney,17191
14801,Olney,17193
14802,Vincennes,17101
14802,Vincennes,18083
14900,Gary,18073
14900,Gary,18089
14900,Gary,18111
14900,Gary,18127
15000,Canton,39019
15000,Canton,39031
15000,Canton,39067
15000,Canton,39075
15000,Canton,39151
15000,Canton,39157
15000,Canton,39169
15100,Lorain,39043
15100,Lorain,39077
15100,Lorain,39093
15200,Cleveland,39007
15200,Cleveland,39035
15200,Cleveland,39055
15200,Cleveland,39085
15200,Cleveland,39103
15200,Cleveland,39133
15200,Cleveland,39153
15300,Parkersburg,39167
15300,Parkersburg,54035
15300,Parkersburg,54073
15300,Parkersburg,54085
15300,Parkersburg,54105
15300,Parkersburg,54107
15400,Zanesville,39059
15400,Zanesville,39115
15400,Zanesville,39119
15400,Zanesville,39121
15400,Zanesville,39127
15500,Steubenville,39081
15500,Steubenville,54009
15500,Steubenville,54029
15600,Wheeling,39013
15600,Wheeling,39111
15600,Wheeling,54051
15600,Wheeling,54069
15600,Wheeling,54095
15600,Wheeling,54103
15700,Scioto,39079
15700,Scioto,39131
15700,Scioto,39141
15700,Scioto,39145
15700,Scioto,39163
15800,Athens,39009
15800,Athens,39053
15800,Athens,39105
15800,Athens,54053
15900,Columbus,39041
15900,Columbus,39045
15900,Columbus,39049
15900,Columbus,39073
15900,Columbus,39083
15900,Columbus,39089
15900,Columbus,39097
15900,Columbus,39129
15900,Columbus,39159
16000,Mansfield,39005
16000,Mansfield,39033
16000,Mansfield,39101
16000,Mansfield,39117
16000,Mansfield,39139
16100,State College,42027
16100,State College,42033
16100,State College,42061
16100,State College,42065
16200,Altoona,42009
16200,Altoona,42013
16200,Altoona,42021
16200,Altoona,42111
16300,Pittsburgh,42003
16300,Pittsburgh,42005
16300,Pittsburgh,42007
16300,Pittsburgh,42019
16300,Pittsburgh,42051
16300,Pittsburgh,42059
16300,Pittsburgh,42063
16300,Pittsburgh,42125
16300,Pittsburgh,42129
16400,Youngstown,39029
16400,Youngstown,39099
16400,Youngstown,39155
16400,Youngstown,42073
16400,Youngstown,42085
16500,Erie,36013
16500,Erie,42031
16500,Erie,42039
16500,Erie,42049
16500,Erie,42053
16500,Erie,42121
16500,Erie,42123
16600,Roanoke,51023
16600,Roanoke,51045
16600,Roanoke,51063
16600,Roanoke,51067
16600,Roanoke,51071
16600,Roanoke,51121
16600,Roanoke,51155
16600,Roanoke,51161
16600,Roanoke,51750
16600,Roanoke,51770
16600,Roanoke,51775
16600,Roanoke,54063
16701,Elkins,54001
16701,Elkins,54075
16701,Elkins,54083
16701,Elkins,54093
16702,Morgantown,54017
16702,Morgantown,54033
16702,Morgantown,54049
16702,Morgantown,54061
16702,Morgantown,54077
16702,Morgantown,54091
16703,Buckhannon,54041
16703,Buckhannon,54097
16801,Beckley,54019
16801,Beckley,54025
16801,Beckley,54081
16801,Beckley,54089
16802,Summersville,54007
16802,Summersville,54021
16802,Summersville,54067
16802,Summersville,54101
16901,Charleston,54005
16901,Charleston,54015
16901,Charleston,54039
16901,Charleston,54043
16901,Charleston,54045
16901,Charleston,54079
16902,Spencer,54013
16902,Spencer,54087
17000,Pikeville,21071
17000,Pikeville,21115
17000,Pikeville,21127
17000,Pikeville,21153
17000,Pikeville,21159
17000,Pikeville,21195
17000,Pikeville,54059
17100,Huntington,21019
17100,Huntington,21043
17100,Huntington,21063
17100,Huntington,21089
17100,Huntington,21205
17100,Huntington,39087
17100,Huntington,54011
17100,Huntington,54099
17200,Harrisonburg,51139
17200,Harrisonburg,51165
17200,Harrisonburg,51171
17200,Harrisonburg,51660
17200,Harrisonburg,54071
17300,Staunton,51005
17300,Staunton,51015
17300,Staunton,51017
17300,Staunton,51091
17300,Staunton,51125
17300,Staunton,51163
17300,Staunton,51530
17300,Staunton,51580
17300,Staunton,51678
17300,Staunton,51790
17300,Staunton,51820
17400,Hagerstown,24043
17400,Hagerstown,42055
17400,Hagerstown,42057
17400,Hagerstown,54003
17400,Hagerstown,54037
17400,Hagerstown,54065
17501,Cumberland,24001
17501,Cumberland,24023
17501,Cumberland,54023
17501,Cumberland,54031
17501,Cumberland,54057
17502,Winchester,51043
17502,Winchester,51069
17502,Winchester,51840
17502,Winchester,54027
17600,Charlottesville,51003
17600,Charlottesville,51029
17600,Charlottesville,51047
17600,Charlottesville,51065
17600,Charlottesville,51079
17600,Charlottesville,51109
17600,Charlottesville,51113
17600,Charlottesville,51137
17600,Charlottesville,51540
17700,Syracuse,36011
17700,Syracuse,36023
17700,Syracuse,36043
17700,Syracuse,36053
17700,Syracuse,36065
17700,Syracuse,36067
17700,Syracuse,36075
17800,Oneonta,36017
17800,Oneonta,36025
17800,Oneonta,36077
17900,Union,36007
17900,Union,36107
17900,Union,42115
18000,Buffalo,36029
18000,Buffalo,36037
18000,Buffalo,36051
18000,Buffalo,36055
18000,Buffalo,36063
18000,Buffalo,36069
18000,Buffalo,36073
18000,Buffalo,36099
18000,Buffalo,36117
18000,Buffalo,36121
18000,Buffalo,36123
18100,Elmira,36015
18100,Elmira,36097
18100,Elmira,36101
18100,Elmira,36109
18100,Elmira,42117
18201,Olean,36003
18201,Olean,36009
18201,Olean,42083
18201,Olean,42105
18202,St. Marys,42023
18202,St. Marys,42047
18300,Watertown,36045
18300,Watertown,36049
18300,Watertown,36089
18400,Plattsburgh,36019
18400,Plattsburgh,36031
18400,Plattsburgh,36033
18500,Amsterdam,36035
18500,Amsterdam,36041
18500,Amsterdam,36057
18600,Albany,36001
18600,Albany,36021
18600,Albany,36039
18600,Albany,36083
18600,Albany,36091
18600,Albany,36093
18600,Albany,36095
18600,Albany,36113
18600,Albany,36115
18700,Sunbury,42093
18700,Sunbury,42097
18700,Sunbury,42109
18700,Sunbury,42119
18800,Scranton,42037
18800,Scranton,42069
18800,Scranton,42079
18800,Scranton,42089
18800,Scranton,42103
18800,Scranton,42127
18800,Scranton,42131
18900,Williamsport,42015
18900,Williamsport,42035
18900,Williamsport,42081
18900,Williamsport,42113
19000,Allentown,42025
19000,Allentown,42077
19000,Allentown,42095
19100,Reading,42011
19100,Reading,42071
19100,Reading,42075
19100,Reading,42107
19200,Harrisburg,42001
19200,Harrisburg,42041
19200,Harrisburg,42043
19200,Harrisburg,42067
19200,Harrisburg,42087
19200,Harrisburg,42099
19200,Harrisburg,42133
19300,Poughkeepsie,36027
19300,Poughkeepsie,36071
19300,Poughkeepsie,36105
19300,Poughkeepsie,36111
19400,New York,36005
19400,New York,36047
19400,New York,36059
19400,New York,36061
19400,New York,36079
19400,New York,36081
19400,New York,36085
19400,New York,36103
19400,New York,36119
19500,Toms River,34025
19500,Toms River,34029
19600,Newark,34003
19600,Newark,34013
19600,Newark,34017
19600,Newark,34019
19600,Newark,34021
19600,Newark,34023
19600,Newark,34027
19600,Newark,34031
19600,Newark,34035
19600,Newark,34037
19600,Newark,34039
19600,Newark,34041
19600,Newark,36087
19700,Philadelphia,34001
19700,Philadelphia,34005
19700,Philadelphia,34007
19700,Philadelphia,34009
19700,Philadelphia,34011
19700,Philadelphia,34015
19700,Philadelphia,34033
19700,Philadelphia,42017
19700,Philadelphia,42029
19700,Philadelphia,42045
19700,Philadelphia,42091
19700,Philadelphia,42101
19800,Wilmington,10003
19800,Wilmington,24015
19901,Dover,10001
19901,Dover,10005
19901,Dover,24039
19901,Dover,24045
19901,Dover,24047
19902,Easton,24011
19902,Easton,24019
19902,Easton,24029
19902,Easton,24035
19902,Easton,24041
19903,Chincoteague,51001
19903,Chincoteague,51131
20001,Bangor,23009
20001,Bangor,23013
20001,Bangor,23019
20001,Bangor,23021
20001,Bangor,23027
20002,Calais,23029
20003,Presque Isle,23003
20100,Portland,23001
20100,Portland,23005
20100,Portland,23007
20100,Portland,23011
20100,Portland,23015
20100,Portland,23017
20100,Portland,23023
20100,Portland,23025
20200,Burlington,50001
20200,Burlington,50007
20200,Burlington,50011
20200,Burlington,50013
20200,Burlington,50015
20200,Burlington,50021
20301,Berlin,33007
20301,Berlin,50005
20301,Berlin,50009
20301,Berlin,50019
20302,Claremont,33009
20302,Claremont,33019
20302,Claremont,50017
20302,Claremont,50023
20302,Claremont,50027
20401,Providence,25005
20401,Providence,44001
20401,Providence,44003
20401,Providence,44005
20401,Providence,44007
20401,Providence,44009
20402,Nantucket,25019
20403,Oak Bluffs,25007
20500,Boston,25001
20500,Boston,25009
20500,Boston,25017
20500,Boston,25021
20500,Boston,25023
20500,Boston,25025
20500,Boston,25027
20600,Manchester,23031
20600,Manchester,33001
20600,Manchester,33003
20600,Manchester,33011
20600,Manchester,33013
20600,Manchester,33015
20600,Manchester,33017
20700,Keene,33005
20700,Keene,50025
20800,Springfield,25011
20800,Springfield,25013
20800,Springfield,25015
20901,Bridgeport,9001
20901,Bridgeport,9003
20901,Bridgeport,9005
20901,Bridgeport,9007
20901,Bridgeport,9009
20901,Bridgeport,9011
20901,Bridgeport,9013
20901,Bridgeport,9015
20902,Pittsfield,25003
20902,Pittsfield,50003
21001,Ashland,55003
21001,Ashland,55007
21001,Ashland,55099
21002,Houghton,26013
21002,Houghton,26061
21002,Houghton,26083
21003,Ironwood,26053
21003,Ironwood,26131
21003,Ironwood,55051
21004,Rhinelander,55041
21004,Rhinelander,55085
21004,Rhinelander,55125
21101,Rice Lake,55005
21101,Rice Lake,55107
21101,Rice Lake,55113
21101,Rice Lake,55129
21102,Amery,55013
21102,Amery,55095
21201,Hutchinson,27085
21201,Hutchinson,27093
21201,Hutchinson,27143
21202,Redwood Falls,27127
21202,Redwood Falls,27129
21301,Mankato,27013
21301,Mankato,27015
21301,Mankato,27079
21301,Mankato,27103
21301,Mankato,27165
21302,Owatonna,27131
21302,Owatonna,27147
21302,Owatonna,27161
21400,St. Cloud,27009
21400,St. Cloud,27095
21400,St. Cloud,27141
21400,St. Cloud,27145
21501,Minneapolis,27003
21501,Minneapolis,27019
21501,Minneapolis,27025
21501,Minneapolis,27037
21501,Minneapolis,27053
21501,Minneapolis,27059
21501,Minneapolis,27123
21501,Minneapolis,27139
21501,Minneapolis,27163
21501,Minneapolis,27171
21501,Minneapolis,55093
21501,Minneapolis,55109
21502,Pine City,27065
21502,Pine City,27115
21600,Brainerd,27001
21600,Brainerd,27021
21600,Brainerd,27035
21600,Brainerd,27061
21701,Rochester,27039
21701,Rochester,27045
21701,Rochester,27049
21701,Rochester,27109
21701,Rochester,27157
21702,Austin,27047
21702,Austin,27099
21801,Mason City,19033
21801,Mason City,19081
21801,Mason City,19189
21801,Mason City,19195
21802,Decorah,19037
21802,Decorah,19067
21802,Decorah,19089
21802,Decorah,19131
21802,Decorah,19191
21900,Marshalltown,19099
21900,Marshalltown,19127
21900,Marshalltown,19157
21900,Marshalltown,19171
22001,Waterloo,19013
22001,Waterloo,19017
22001,Waterloo,19019
22001,Waterloo,19023
22001,Waterloo,19065
22001,Waterloo,19075
22002,Iowa Falls,19069
22002,Iowa Falls,19083
22100,Iowa City,19031
22100,Iowa City,19103
22100,Iowa City,19115
22100,Iowa City,19139
22100,Iowa City,19183
22200,Cedar Rapids,19011
22200,Cedar Rapids,19095
22200,Cedar Rapids,19105
22200,Cedar Rapids,19113
22300,Ottumwa,19051
22300,Ottumwa,19101
22300,Ottumwa,19107
22300,Ottumwa,19123
22300,Ottumwa,19125
22300,Ottumwa,19135
22300,Ottumwa,19177
22300,Ottumwa,19179
22400,Sheboygan,55071
22400,Sheboygan,55117
22500,Oshkosh,55015
22500,Oshkosh,55039
22500,Oshkosh,55047
22500,Oshkosh,55087
22500,Oshkosh,55135
22500,Oshkosh,55137
22500,Oshkosh,55139
22601,Green Bay,55009
22601,Green Bay,55029
22601,Green Bay,55061
22601,Green Bay,55083
22602,Shawano,55067
22602,Shawano,55078
22602,Shawano,55115
22700,Wausau,55001
22700,Wausau,55019
22700,Wausau,55069
22700,Wausau,55073
22700,Wausau,55097
22700,Wausau,55119
22700,Wausau,55141
22800,Eau Claire,27169
22800,Eau Claire,55011
22800,Eau Claire,55017
22800,Eau Claire,55033
22800,Eau Claire,55035
22800,Eau Claire,55053
22800,Eau Claire,55091
22800,Eau Claire,55121
22900,La Crosse,27055
22900,La Crosse,55057
22900,La Crosse,55063
22900,La Crosse,55081
22900,La Crosse,55123
23000,Monroe,55023
23000,Monroe,55043
23000,Monroe,55045
23000,Monroe,55065
23100,Madison,55021
23100,Madison,55025
23100,Madison,55049
23100,Madison,55077
23100,Madison,55103
23100,Madison,55111
23200,Dubuque,17085
23200,Dubuque,19005
23200,Dubuque,19043
23200,Dubuque,19055
23200,Dubuque,19061
23301,Charleston,17023
23301,Charleston,17029
23301,Charleston,17035
23301,Charleston,17045
23302,Douglas,17025
23302,Douglas,17033
23302,Douglas,17049
23302,Douglas,17051
23302,Douglas,17079
23400,Bloomington,17039
23400,Bloomington,17105
23400,Bloomington,17113
23500,Decatur,17019
23500,Decatur,17041
23500,Decatur,17053
23500,Decatur,17115
23500,Decatur,17139
23500,Decatur,17147
23500,Decatur,17173
23600,Burlington,17067
23600,Burlington,17071
23600,Burlington,19057
23600,Burlington,19087
23600,Burlington,19111
23600,Burlington,29045
23700,Galesburg,17057
23700,Galesburg,17095
23700,Galesburg,17109
23700,Galesburg,17187
23801,Davenport,17073
23801,Davenport,17131
23801,Davenport,17161
23801,Davenport,17175
23801,Davenport,19163
23802,Clinton,19045
23802,Clinton,19097
23900,Peoria,17011
23900,Peoria,17099
23900,Peoria,17123
23900,Peoria,17125
23900,Peoria,17143
23900,Peoria,17155
23900,Peoria,17179
23900,Peoria,17203
24000,Kenosha,55059
24000,Kenosha,55101
24000,Kenosha,55105
24000,Kenosha,55127
24100,Milwaukee,55027
24100,Milwaukee,55055
24100,Milwaukee,55079
24100,Milwaukee,55089
24100,Milwaukee,55131
24100,Milwaukee,55133
24200,Bourbonnais,17075
24200,Bourbonnais,17091
24300,Chicago,17031
24300,Chicago,17043
24300,Chicago,17063
24300,Chicago,17089
24300,Chicago,17093
24300,Chicago,17097
24300,Chicago,17111
24300,Chicago,17197
24400,Rockford,17007
24400,Rockford,17015
24400,Rockford,17037
24400,Rockford,17103
24400,Rockford,17141
24400,Rockford,17177
24400,Rockford,17195
24400,Rockford,17201
24500,Rolla,29065
24500,Rolla,29125
24500,Rolla,29161
24500,Rolla,29169
24500,Rolla,29179
24600,Farmington,29093
24600,Farmington,29123
24600,Farmington,29157
24600,Farmington,29186
24600,Farmington,29187
24600,Farmington,29221
24701,St. Louis,17133
24701,St. Louis,17163
24701,St. Louis,29055
24701,St. Louis,29071
24701,St. Louis,29073
24701,St. Louis,29099
24701,St. Louis,29113
24701,St. Louis,29183
24701,St. Louis,29189
24701,St. Louis,29219
24701,St. Louis,29510
24702,Mexico,29007
24702,Mexico,29139
24801,Jacksonville,17009
24801,Jacksonville,17017
24801,Jacksonville,17061
24801,Jacksonville,17137
24801,Jacksonville,17169
24801,Jacksonville,17171
24802,Springfield,17021
24802,Springfield,17107
24802,Springfield,17129
24802,Springfield,17167
24900,Edwardsville,17005
24900,Edwardsville,17013
24900,Edwardsville,17083
24900,Edwardsville,17117
24900,Edwardsville,17119
24900,Edwardsville,17135
25000,Quincy,17001
25000,Quincy,17149
25000,Quincy,29111
25000,Quincy,29127
25000,Quincy,29163
25000,Quincy,29173
25101,Mountain Home,5005
25101,Mountain Home,5089
25101,Mountain Home,29153
25102,West Plains,5049
25102,West Plains,29091
25102,West Plains,29149
25102,West Plains,29203
25102,West Plains,29215
25103,Harrison,5009
25103,Harrison,5015
25103,Harrison,5101
25103,Harrison,5129
25104,Heber Springs,5023
25104,Heber Springs,5137
25104,Heber Springs,5141
25105,Batesville,5063
25105,Batesville,5065
25105,Batesville,5135
25200,Henderson,21033
25200,Henderson,21055
25200,Henderson,21101
25200,Henderson,21107
25200,Henderson,21143
25200,Henderson,21225
25200,Henderson,21233
25300,Union City,21075
25300,Union City,21083
25300,Union City,21105
25300,Union City,47131
25300,Union City,47183
25401,Paducah,17127
25401,Paducah,17151
25401,Paducah,21007
25401,Paducah,21039
25401,Paducah,21139
25401,Paducah,21145
25401,Paducah,21157
25402,Murray,21035
25500,Centralia,17027
25500,Centralia,17065
25500,Centralia,17081
25500,Centralia,17121
25500,Centralia,17189
25601,Carbondale,17003
25601,Carbondale,17055
25601,Carbondale,17077
25601,Carbondale,17087
25601,Carbondale,17145
25601,Carbondale,17153
25601,Carbondale,17157
25601,Carbondale,17181
25601,Carbondale,17199
25602,Harrisburg,17059
25602,Harrisburg,17069
25602,Harrisburg,17165
25701,Cape Girardeau,29017
25701,Cape Girardeau,29031
25701,Cape Girardeau,29133
25701,Cape Girardeau,29143
25701,Cape Girardeau,29201
25701,Cape Girardeau,29207
25702,Poplar Bluff,29023
25702,Poplar Bluff,29035
25702,Poplar Bluff,29181
25702,Poplar Bluff,29223
25800,Blytheville,5093
25800,Blytheville,29069
25800,Blytheville,29155
25900,Jonesboro,5021
25900,Jonesboro,5031
25900,Jonesboro,5055
25900,Jonesboro,5075
25900,Jonesboro,5111
25900,Jonesboro,5121
26001,Roseau,27077
26001,Roseau,27135
26002,Duluth,27017
26002,Duluth,27075
26002,Duluth,27137
26002,Duluth,55031
26003,West Cook UT,27031
26004,International Falls,27071
26101,Moberly,29121
26101,Moberly,29137
26101,Moberly,29175
26101,Moberly,29205
26102,Marshall,29033
26102,Marshall,29117
26102,Marshall,29195
26103,Brookfield,29041
26103,Brookfield,29115
26104,Trenton,29079
26104,Trenton,29129
26105,Polk,29171
26105,Polk,29211
26106,Centerville,19007
26106,Centerville,19117
26106,Centerville,19185
26107,Kirksville,29001
26107,Kirksville,29103
26107,Kirksville,29197
26107,Kirksville,29199
26201,Bismarck,38015
26201,Bismarck,38055
26201,Bismarck,38057
26201,Bismarck,38059
26201,Bismarck,38065
26202,East Grant UT,38037
26203,Linton,38029
26203,Linton,38047
26203,Linton,38051
26204,Steele,38043
26301,Devils Lake,38005
26301,Devils Lake,38063
26301,Devils Lake,38071
26302,Carrington,38027
26302,Carrington,38031
26303,Turtle Mountain UT,38079
26303,Turtle Mountain UT,38095
26304,Minot,38009
26304,Minot,38049
26304,Minot,38075
26304,Minot,38101
26305,Rugby,38069
26305,Rugby,38083
26305,Rugby,38103
26401,Ekalaka,30011
26401,Ekalaka,46063
26402,Baker,30025
26403,Bowman,38011
26403,Bowman,38087
26404,Lemmon,38001
26404,Lemmon,38041
26404,Lemmon,46105
26405,Scobey,30019
26406,Wolf Point,30055
26406,Wolf Point,30085
26407,Plentywood,30091
26408,Glasgow,30071
26408,Glasgow,30105
26409,Glendive,30021
26409,Glendive,30109
26409,Glendive,38033
26410,Dickinson,38007
26410,Dickinson,38025
26410,Dickinson,38089
26411,Sidney,30083
26411,Sidney,38053
26411,Sidney,38061
26412,Williston,38013
26412,Williston,38023
26412,Williston,38105
26501,Brookings,46011
26501,Brookings,46077
26501,Brookings,46101
26502,Madison,46079
26502,Madison,46097
26503,Sioux Falls,46027
26503,Sioux Falls,46083
26503,Sioux Falls,46087
26503,Sioux Falls,46099
26503,Sioux Falls,46125
26504,Watertown,46025
26504,Watertown,46029
26504,Watertown,46039
26504,Watertown,46057
26601,Milbank,27011
26601,Milbank,27155
26601,Milbank,46051
26602,Sisseton,46037
26602,Sisseton,46091
26602,Sisseton,46109
26603,East Corson UT,38085
26603,East Corson UT,46031
26604,Mobridge,46021
26604,Mobridge,46129
26605,Aberdeen,46013
26605,Aberdeen,46045
26605,Aberdeen,46049
26605,Aberdeen,46089
26605,Aberdeen,46115
26701,Bemidji,27005
26701,Bemidji,27007
26701,Bemidji,27029
26701,Bemidji,27057
26701,Bemidji,27087
26702,Grafton,27069
26702,Grafton,38019
26702,Grafton,38067
26702,Grafton,38099
26703,Thief River Falls,27089
26703,Thief River Falls,27113
26703,Thief River Falls,27125
26704,Grand Forks,27119
26704,Grand Forks,38035
26704,Grand Forks,38091
26704,Grand Forks,38097
26801,Fargo,27027
26801,Fargo,27107
26801,Fargo,27167
26801,Fargo,38017
26801,Fargo,38077
26802,Lisbon,38021
26802,Lisbon,38073
26802,Lisbon,38081
26803,Jamestown,38003
26803,Jamestown,38045
26803,Jamestown,38093
26804,Cooperstown,38039
26901,Fergus Falls,27041
26901,Fergus Falls,27051
26901,Fergus Falls,27111
26901,Fergus Falls,27121
26901,Fergus Falls,27149
26902,Little Falls,27097
26902,Little Falls,27153
26902,Little Falls,27159
27001,O'Neill,31015
27001,O'Neill,31089
27001,O'Neill,31183
27002,Ord,31071
27002,Ord,31077
27002,Ord,31115
27002,Ord,31175
27003,Ainsworth,31017
27003,Ainsworth,31103
27003,Ainsworth,31149
27004,Winner,46053
27004,Winner,46123
27005,Yankton,31027
27005,Yankton,31107
27005,Yankton,46009
27005,Yankton,46135
27006,Mitchell,46003
27006,Mitchell,46035
27006,Mitchell,46061
27006,Mitchell,46111
27007,Huron,46005
27007,Huron,46073
27008,Parkston,46023
27008,Parkston,46043
27008,Parkston,46067
27009,Chamberlain,46015
27009,Chamberlain,46017
27009,Chamberlain,46085
27010,Miller,46059
27010,Miller,46069
27011,Pierre,46065
27011,Pierre,46117
27011,Pierre,46119
27012,Gettysburg,46107
27101,Willmar,27023
27101,Willmar,27067
27101,Willmar,27073
27101,Willmar,27151
27101,Willmar,27173
27102,Marshall,27081
27102,Marshall,27083
27102,Marshall,27117
27102,Marshall,27133
27201,Sioux Center,19119
27201,Sioux Center,19141
27201,Sioux Center,19167
27202,Worthington,19143
27202,Worthington,27033
27202,Worthington,27063
27202,Worthington,27101
27202,Worthington,27105
27301,Spencer,19041
27301,Spencer,19059
27301,Spencer,19109
27301,Spencer,19147
27302,Fairmont,19063
27302,Fairmont,27043
27302,Fairmont,27091
27401,Storm Lake,19021
27401,Storm Lake,19035
27401,Storm Lake,19093
27401,Storm Lake,19161
27402,Fort Dodge,19025
27402,Fort Dodge,19079
27402,Fort Dodge,19091
27402,Fort Dodge,19151
27402,Fort Dodge,19187
27402,Fort Dodge,19197
27501,Des Moines,19001
27501,Des Moines,19015
27501,Des Moines,19049
27501,Des Moines,19077
27501,Des Moines,19121
27501,Des Moines,19153
27501,Des Moines,19169
27501,Des Moines,19181
27502,Creston,19039
27502,Creston,19053
27502,Creston,19159
27502,Creston,19175
27503,Atlantic,19009
27503,Atlantic,19029
27503,Atlantic,19165
27504,Carroll,19027
27504,Carroll,19047
27504,Carroll,19073
27601,Rapid City,46019
27601,Rapid City,46033
27601,Rapid City,46047
27601,Rapid City,46081
27601,Rapid City,46093
27601,Rapid City,46103
27602,Eagle Butte,46041
27602,Eagle Butte,46137
27603,Southwest Jackson UT,46055
27603,Southwest Jackson UT,46071
27604,Murdo,46075
27605,Mission,46095
27605,Mission,46121
27701,Scottsbluff,31007
27701,Scottsbluff,31013
27701,Scottsbluff,31045
27701,Scottsbluff,31123
27701,Scottsbluff,31157
27701,Scottsbluff,31165
27702,Cheyenne,31033
27702,Cheyenne,31105
27702,Cheyenne,56021
27703,Torrington,56015
27703,Torrington,56031
27704,Gordon,31161
27704,Gordon,46007
27801,Virginia Beach,31003
27801,Virginia Beach,31119
27801,Virginia Beach,31139
27801,Virginia Beach,31167
27802,Columbus,31011
27802,Columbus,31023
27802,Columbus,31037
27802,Columbus,31125
27802,Columbus,31141
27901,Hastings,31001
27901,Hastings,31035
27901,Hastings,31181
27902,York,31059
27902,York,31143
27902,York,31185
27903,Grand Island,31079
27903,Grand Island,31081
27903,Grand Island,31093
27903,Grand Island,31121
28001,Sioux City,19133
28001,Sioux City,19149
28001,Sioux City,19193
28001,Sioux City,31043
28001,Sioux City,31051
28001,Sioux City,31179
28001,Sioux City,46127
28002,West Point,31021
28002,West Point,31039
28002,West Point,31173
28101,Lincoln,31067
28101,Lincoln,31095
28101,Lincoln,31109
28101,Lincoln,31151
28101,Lincoln,31159
28102,Nebraska City,31097
28102,Nebraska City,31127
28102,Nebraska City,31131
28102,Nebraska City,31133
28102,Nebraska City,31147
28201,Red Oak,19003
28201,Red Oak,19071
28201,Red Oak,19137
28201,Red Oak,19145
28201,Red Oak,19173
28202,Omaha,19085
28202,Omaha,19129
28202,Omaha,19155
28202,Omaha,31025
28202,Omaha,31053
28202,Omaha,31055
28202,Omaha,31153
28202,Omaha,31155
28202,Omaha,31177
28301,Sterling,8075
28301,Sterling,8095
28301,Sterling,8121
28301,Sterling,8125
28302,Ogallala,8115
28302,Ogallala,31049
28302,Ogallala,31101
28302,Ogallala,31135
28303,Oshkosh,31069
28304,Valentine,31005
28304,Valentine,31031
28304,Valentine,31075
28304,Valentine,31091
28305,Broken Bow,31009
28305,Broken Bow,31041
28305,Broken Bow,31171
28306,North Platte,31111
28306,North Platte,31113
28306,North Platte,31117
28401,Colorado Springs,8027
28401,Colorado Springs,8041
28401,Colorado Springs,8043
28401,Colorado Springs,8119
28402,Limon,8073
28501,Springfield,8009
28502,Pueblo,8011
28502,Pueblo,8025
28502,Pueblo,8089
28502,Pueblo,8099
28502,Pueblo,8101
28503,Trinidad,8055
28503,Trinidad,8071
28504,Burlington,8017
28504,Burlington,8061
28504,Burlington,8063
28601,Oberlin,20039
28601,Oberlin,20153
28602,Norton,20137
28603,Phillipsburg,20147
28603,Phillipsburg,20183
28604,Colby,20063
28604,Colby,20109
28604,Colby,20179
28604,Colby,20193
28605,Goodland,20181
28605,Goodland,20199
28606,Wano,20023
28606,Wano,31057
28607,McCook,31029
28607,McCook,31085
28607,McCook,31087
28607,McCook,31145
28608,Kearney,31019
28608,Kearney,31061
28608,Kearney,31099
28608,Kearney,31163
28609,Lexington,31047
28609,Lexington,31063
28609,Lexington,31065
28609,Lexington,31073
28609,Lexington,31083
28609,Lexington,31137
28701,Salida,8015
28702,Glenwood Springs,8037
28702,Glenwood Springs,8045
28702,Glenwood Springs,8065
28702,Glenwood Springs,8097
28702,Glenwood Springs,8117
28703,Granby,8049
28704,Laramie,8057
28704,Laramie,56001
28800,Fort Collins,8069
28800,Fort Collins,8087
28800,Fort Collins,8123
28900,Denver,8001
28900,Denver,8005
28900,Denver,8013
28900,Denver,8014
28900,Denver,8019
28900,Denver,8031
28900,Denver,8035
28900,Denver,8039
28900,Denver,8047
28900,Denver,8059
28900,Denver,8093
29001,Pratt,20007
29001,Pratt,20097
29001,Pratt,20151
29002,Coldwater,20033
29003,Dodge City,20025
29003,Dodge City,20057
29003,Dodge City,20069
29003,Dodge City,20083
29004,Great Bend,20009
29004,Great Bend,20047
29004,Great Bend,20145
29004,Great Bend,20165
29004,Great Bend,20185
29005,Hutchinson,20053
29005,Hutchinson,20155
29005,Hutchinson,20159
29006,Hays,20051
29006,Hays,20167
29006,Hays,20195
29007,Township 11,20065
29007,Township 11,20163
29008,Center,20101
29008,Center,20135
29101,Concordia,20029
29101,Concordia,20089
29101,Concordia,20157
29102,Superior,31129
29102,Superior,31169
29103,Beloit,20123
29103,Beloit,20141
29104,Salina,20105
29104,Salina,20143
29104,Salina,20169
29201,Hiawatha,20013
29201,Hiawatha,20131
29202,Marysville,20117
29202,Marysville,20201
29203,Manhattan,20027
29203,Manhattan,20041
29203,Manhattan,20061
29203,Manhattan,20127
29203,Manhattan,20149
29203,Manhattan,20161
29204,Topeka,20045
29204,Topeka,20085
29204,Topeka,20087
29204,Topeka,20139
29204,Topeka,20177
29204,Topeka,20197
29301,Wichita,20015
29301,Wichita,20077
29301,Wichita,20095
29301,Wichita,20173
29301,Wichita,20191
29302,Newton,20079
29302,Newton,20113
29302,Newton,20115
29303,Winfield,20019
29303,Winfield,20035
29303,Winfield,20049
29303,Winfield,20073
29401,Ottawa,20001
29401,Ottawa,20003
29401,Ottawa,20059
29401,Ottawa,20207
29402,Emporia,20017
29402,Emporia,20031
29402,Emporia,20111
29403,Bartlesville,20099
29403,Bartlesville,20125
29403,Bartlesville,20133
29403,Bartlesville,20205
29403,Bartlesville,40105
29403,Bartlesville,40147
29501,Leavenworth,20005
29501,Leavenworth,20103
29502,Kansas City,20091
29502,Kansas City,20107
29502,Kansas City,20121
29502,Kansas City,20209
29502,Kansas City,29013
29502,Kansas City,29037
29502,Kansas City,29047
29502,Kansas City,29095
29502,Kansas City,29101
29502,Kansas City,29107
29502,Kansas City,29165
29502,Kansas City,29177
29503,St. Joseph,20043
29503,St. Joseph,29003
29503,St. Joseph,29021
29503,St. Joseph,29025
29503,St. Joseph,29049
29503,St. Joseph,29061
29503,St. Joseph,29063
29504,Sedalia,29015
29504,Sedalia,29083
29504,Sedalia,29159
29504,Sedalia,29185
29505,Polk,29005
29505,Polk,29087
29505,Polk,29147
29506,Bethany,29075
29506,Bethany,29081
29506,Bethany,29227
29601,Columbia,29019
29601,Columbia,29027
29601,Columbia,29051
29601,Columbia,29053
29601,Columbia,29089
29601,Columbia,29135
29601,Columbia,29151
29602,Eldon,29029
29602,Eldon,29131
29602,Eldon,29141
29700,Springfield,29043
29700,Springfield,29059
29700,Springfield,29067
29700,Springfield,29077
29700,Springfield,29085
29700,Springfield,29105
29700,Springfield,29167
29700,Springfield,29225
29700,Springfield,29229
29800,Aurora,29009
29800,Aurora,29109
29800,Aurora,29209
29800,Aurora,29213
29901,Joplin,20011
29901,Joplin,20021
29901,Joplin,20037
29901,Joplin,29097
29901,Joplin,29145
29901,Joplin,40115
29902,Center,29011
29902,Center,29039
29902,Center,29057
29902,Center,29217
30000,Russellville,5047
30000,Russellville,5071
30000,Russellville,5083
30000,Russellville,5115
30000,Russellville,5149
30100,Fort Smith,5033
30100,Fort Smith,5127
30100,Fort Smith,5131
30100,Fort Smith,40061
30100,Fort Smith,40077
30100,Fort Smith,40079
30100,Fort Smith,40121
30100,Fort Smith,40135
30200,Muskogee,40001
30200,Muskogee,40021
30200,Muskogee,40091
30200,Muskogee,40101
30300,Fayetteville,5007
30300,Fayetteville,5087
30300,Fayetteville,5143
30300,Fayetteville,29119
30300,Fayetteville,40041
30401,Stillwater,40103
30401,Stillwater,40119
30402,Tulsa,40035
30402,Tulsa,40037
30402,Tulsa,40071
30402,Tulsa,40097
30402,Tulsa,40113
30402,Tulsa,40117
30402,Tulsa,40131
30402,Tulsa,40143
30402,Tulsa,40145
30403,Okmulgee,40107
30403,Okmulgee,40111
30501,Woodward,40045
30501,Woodward,40059
30501,Woodward,40153
30502,Enid,40003
30502,Enid,40011
30502,Enid,40043
30502,Enid,40047
30502,Enid,40053
30502,Enid,40093
30502,Enid,40151
30601,El Paso,35013
30601,El Paso,48141
30601,El Paso,48229
30602,Alamogordo,35027
30602,Alamogordo,35035
30603,Truth or Consequences,35051
30604,Deming,35017
30604,Deming,35023
30604,Deming,35029
30605,Van Horn,48109
30701,Roswell,35005
30701,Roswell,35015
30702,Santa Rosa,35011
30702,Santa Rosa,35019
30801,Hobbs,35025
30801,Hobbs,48165
30801,Hobbs,48445
30801,Hobbs,48501
30802,Lubbock,48079
30802,Lubbock,48107
30802,Lubbock,48169
30802,Lubbock,48219
30802,Lubbock,48303
30802,Lubbock,48305
30901,Clovis,35009
30901,Clovis,35041
30901,Clovis,48369
30902,Littlefield,48017
30902,Littlefield,48069
30902,Littlefield,48279
30903,Amarillo,48011
30903,Amarillo,48117
30903,Amarillo,48359
30903,Amarillo,48375
30903,Amarillo,48381
30904,Pampa,48065
30904,Pampa,48179
30904,Pampa,48211
30904,Pampa,48233
30904,Pampa,48393
30905,Wellington,48087
30905,Wellington,48483
30906,Memphis,48045
30906,Memphis,48129
30906,Memphis,48191
30907,Matador,48345
30908,Plainview,48153
30908,Plainview,48189
30908,Plainview,48437
31001,Garden City,20055
31001,Garden City,20075
31001,Garden City,20081
31001,Garden City,20093
31002,Ulysses,20067
31002,Ulysses,20187
31002,Ulysses,20189
31003,Scott City,20071
31003,Scott City,20171
31003,Scott City,20203
31004,Liberal,20119
31004,Liberal,20175
31004,Liberal,40007
31005,Perryton,48195
31005,Perryton,48295
31005,Perryton,48357
31006,Guymon,20129
31006,Guymon,40025
31006,Guymon,40139
31006,Guymon,48421
31007,Dumas,48111
31007,Dumas,48205
31007,Dumas,48341
31101,Victoria,48057
31101,Victoria,48123
31101,Victoria,48175
31101,Victoria,48239
31101,Victoria,48285
31101,Victoria,48469
31102,La Grange,48089
31102,La Grange,48149
31103,Gonzales,48177
31201,Austin,48021
31201,Austin,48031
31201,Austin,48055
31201,Austin,48209
31201,Austin,48287
31201,Austin,48331
31201,Austin,48453
31201,Austin,48491
31202,Burnet,48053
31202,Burnet,48299
31301,San Antonio,48013
31301,San Antonio,48019
31301,San Antonio,48029
31301,San Antonio,48091
31301,San Antonio,48187
31301,San Antonio,48259
31301,San Antonio,48297
31301,San Antonio,48311
31301,San Antonio,48325
31301,San Antonio,48493
31302,Beeville,48025
31302,Beeville,48255
31303,Kerrville,48171
31303,Kerrville,48265
31304,Mason,48319
31401,Midland,48003
31401,Midland,48103
31401,Midland,48135
31401,Midland,48317
31401,Midland,48329
31401,Midland,48461
31402,Pecos,48301
31402,Pecos,48389
31402,Pecos,48475
31402,Pecos,48495
31403,Fort Stockton,48105
31403,Fort Stockton,48371
31404,Alpine,48043
31404,Alpine,48243
31404,Alpine,48377
31501,Crystal City,48127
31501,Crystal City,48507
31502,Pearsall,48163
31502,Pearsall,48283
31503,Laredo,48247
31503,Laredo,48479
31503,Laredo,48505
31600,Brownsville,48061
31600,Brownsville,48215
31600,Brownsville,48427
31600,Brownsville,48489
31700,Corpus Christi,48007
31700,Corpus Christi,48047
31700,Corpus Christi,48131
31700,Corpus Christi,48249
31700,Corpus Christi,48261
31700,Corpus Christi,48273
31700,Corpus Christi,48355
31700,Corpus Christi,48391
31700,Corpus Christi,48409
31800,College Station,48041
31800,College Station,48051
31800,College Station,48185
31800,College Station,48395
31900,Pearland,48039
31900,Pearland,48321
31900,Pearland,48481
32000,Houston,48015
32000,Houston,48071
32000,Houston,48157
32000,Houston,48167
32000,Houston,48201
32000,Houston,48291
32000,Houston,48339
32000,Houston,48407
32000,Houston,48473
32000,Houston,48477
32100,Beaumont,48199
32100,Beaumont,48241
32100,Beaumont,48245
32100,Beaumont,48351
32100,Beaumont,48361
32100,Beaumont,48373
32100,Beaumont,48457
32201,Huntsville,48005
32201,Huntsville,48225
32201,Huntsville,48313
32201,Huntsville,48455
32201,Huntsville,48471
32202,Nacogdoches,48347
32202,Nacogdoches,48403
32202,Nacogdoches,48405
32202,Nacogdoches,48419
32301,San Angelo,48081
32301,San Angelo,48235
32301,San Angelo,48413
32301,San Angelo,48431
32301,San Angelo,48451
32302,Brady,48095
32302,Brady,48307
32302,Brady,48399
32303,Junction,48267
32303,Junction,48327
32304,Uvalde,48137
32304,Uvalde,48385
32304,Uvalde,48435
32304,Uvalde,48463
32305,Del Rio,48271
32305,Del Rio,48443
32305,Del Rio,48465
32306,Eagle Pass,48323
32401,Big Spring,48033
32401,Big Spring,48115
32401,Big Spring,48173
32401,Big Spring,48227
32401,Big Spring,48383
32402,Sweetwater,48151
32402,Sweetwater,48353
32403,Snyder,48263
32403,Snyder,48335
32403,Snyder,48415
32501,Abilene,48059
32501,Abilene,48133
32501,Abilene,48253
32501,Abilene,48417
32501,Abilene,48429
32501,Abilene,48441
32502,Childress,48075
32502,Childress,48101
32503,Haskell,48125
32503,Haskell,48207
32503,Haskell,48269
32503,Haskell,48275
32503,Haskell,48433
32601,Wichita Falls,48009
32601,Wichita Falls,48077
32601,Wichita Falls,48485
32602,Graham,48237
32602,Graham,48447
32602,Graham,48503
32603,Seymour,48023
32604,Vernon,48155
32604,Vernon,48197
32604,Vernon,48487
32701,Brownwood,48049
32701,Brownwood,48083
32701,Brownwood,48333
32701,Brownwood,48411
32702,Stephenville,48093
32702,Stephenville,48143
32702,Stephenville,48193
32801,Waco,48035
32801,Waco,48145
32801,Waco,48217
32801,Waco,48309
32802,Corsicana,48161
32802,Corsicana,48289
32802,Corsicana,48293
32802,Corsicana,48349
32900,Killeen,48027
32900,Killeen,48099
32900,Killeen,48281
33000,Fort Worth,48221
33000,Fort Worth,48251
33000,Fort Worth,48337
33000,Fort Worth,48363
33000,Fort Worth,48367
33000,Fort Worth,48425
33000,Fort Worth,48439
33000,Fort Worth,48497
33100,Dallas,48085
33100,Dallas,48097
33100,Dallas,48113
33100,Dallas,48121
33100,Dallas,48139
33100,Dallas,48257
33100,Dallas,48397
33200,Paris,48119
33200,Paris,48223
33200,Paris,48231
33200,Paris,48277
33200,Paris,48379
33200,Paris,48387
33300,Tyler,48001
33300,Tyler,48073
33300,Tyler,48213
33300,Tyler,48423
33300,Tyler,48467
33300,Tyler,48499
33400,Longview,48183
33400,Longview,48203
33400,Longview,48315
33400,Longview,48365
33400,Longview,48401
33400,Longview,48459
33500,Texarkana,5081
33500,Texarkana,5091
33500,Texarkana,48037
33500,Texarkana,48063
33500,Texarkana,48067
33500,Texarkana,48159
33500,Texarkana,48343
33500,Texarkana,48449
33601,Lawton,40031
33601,Lawton,40033
33601,Lawton,40067
33601,Lawton,40137
33602,Altus,40055
33602,Altus,40057
33602,Altus,40065
33602,Altus,40075
33603,Frederick,40141
33700,Ardmore,40019
33700,Ardmore,40049
33700,Ardmore,40069
33700,Ardmore,40085
33700,Ardmore,40095
33700,Ardmore,40099
33801,Elk City,40009
33801,Elk City,40039
33801,Elk City,40129
33801,Elk City,40149
33802,Chickasha,40015
33802,Chickasha,40051
33803,Oklahoma City,40017
33803,Oklahoma City,40027
33803,Oklahoma City,40073
33803,Oklahoma City,40081
33803,Oklahoma City,40083
33803,Oklahoma City,40087
33803,Oklahoma City,40109
33803,Oklahoma City,40125
33803,Oklahoma City,40133
33901,Ada,40005
33901,Ada,40029
33901,Ada,40063
33901,Ada,40123
33902,Sherman,40013
33902,Sherman,48147
33902,Sherman,48181
34001,Hot Springs,5019
34001,Hot Springs,5051
34001,Hot Springs,5057
34001,Hot Springs,5059
34001,Hot Springs,5061
34001,Hot Springs,5097
34001,Hot Springs,5099
34001,Hot Springs,5109
34002,Idabel,5113
34002,Idabel,5133
34002,Idabel,40023
34002,Idabel,40089
34002,Idabel,40127
34101,Sand Point,2013
34102,Anchorage,2020
34102,Anchorage,2122
34102,Anchorage,2170
34103,Valdez,2261
34104,Bristol Bay,2060
34105,Kotzebue,2188
34106,Nome,2180
34107,Dillingham,2070
34107,Dillingham,2164
34108,Kodiak,2150
34109,Juneau,2100
34109,Juneau,2105
34109,Juneau,2110
34109,Juneau,2230
34110,Sitka,2195
34110,Sitka,2220
34110,Sitka,2275
34111,Ketchikan,2130
34111,Ketchikan,2198
34112,Bethel,2050
34113,Barrow,2185
34114,Unalaska,2016
34115,Fairbanks,2068
34115,Fairbanks,2090
34115,Fairbanks,2240
34115,Fairbanks,2290
34201,Havre,30005
34201,Havre,30041
34201,Havre,30051
34202,Shelby,30035
34202,Shelby,30073
34202,Shelby,30101
34203,Great Falls,30013
34203,Great Falls,30015
34203,Great Falls,30045
34203,Great Falls,30099
34204,Lewistown,30027
34204,Lewistown,30069
34301,Cody,56003
34301,Cody,56029
34302,Worland,56017
34302,Worland,56043
34303,Riverton,56013
34304,Sheridan,30003
34304,Sheridan,56019
34304,Sheridan,56033
34305,Miles City,30017
34305,Miles City,30079
34306,Jordan,30033
34307,Colstrip,30075
34307,Colstrip,30087
34307,Colstrip,30103
34308,Billings,30009
34308,Billings,30037
34308,Billings,30065
34308,Billings,30095
34308,Billings,30111
34309,Harlowton,30059
34309,Harlowton,30107
34401,Dillon,30001
34402,Bozeman,30031
34402,Bozeman,30057
34402,Bozeman,30067
34402,Bozeman,30097
34403,Helena,30007
34403,Helena,30043
34403,Helena,30049
34404,Butte-Silver Bow,30023
34404,Butte-Silver Bow,30039
34404,Butte-Silver Bow,30077
34404,Butte-Silver Bow,30093
34501,Bonners Ferry,16021
34502,Libby,30053
34503,Kalispell,30029
34503,Kalispell,30047
34503,Kalispell,30089
34504,Missoula,30061
34504,Missoula,30063
34504,Missoula,30081
34601,Gillette,56005
34601,Gillette,56011
34601,Gillette,56045
34602,Rawlins,56007
34603,Casper,56009
34603,Casper,56025
34604,Lusk,56027
34701,Honolulu,15003
34702,Kapaa,15007
34703,Kahului,15009
34801,Las Vegas,35007
34801,Las Vegas,35033
34801,Las Vegas,35047
34802,Santa Fe,35028
34802,Santa Fe,35039
34802,Santa Fe,35049
34802,Santa Fe,35055
34803,Tucumcari,35021
34803,Tucumcari,35037
34804,Clayton,35059
34805,Alamosa,8003
34805,Alamosa,8021
34805,Alamosa,8023
34805,Alamosa,8079
34805,Alamosa,8105
34805,Alamosa,8109
34901,Albuquerque,35001
34901,Albuquerque,35006
34901,Albuquerque,35043
34901,Albuquerque,35057
34901,Albuquerque,35061
34902,Socorro,35003
34902,Socorro,35053
35001,Phoenix,4007
35001,Phoenix,4013
35001,Phoenix,4021
35002,Safford,4009
35002,Safford,4011
35100,Tucson,4003
35100,Tucson,4019
35100,Tucson,4023
35201,Grand Junction,8029
35201,Grand Junction,8077
35201,Grand Junction,8085
35201,Grand Junction,8091
35201,Grand Junction,8113
35202,Gunnison,8051
35202,Gunnison,8053
35300,Farmington,8007
35300,Farmington,8067
35300,Farmington,8111
35300,Farmington,35045
35401,Flagstaff,4005
35401,Flagstaff,4025
35401,Flagstaff,49025
35402,Cortez,8033
35402,Cortez,8083
35402,Cortez,49037
35500,Gallup,4001
35500,Gallup,4017
35500,Gallup,35031
35600,Hilo,15001
35701,Twin Falls,16013
35701,Twin Falls,16025
35701,Twin Falls,16047
35701,Twin Falls,16053
35701,Twin Falls,16063
35701,Twin Falls,16083
35702,Burley,16031
35702,Burley,16067
35801,Boise City,16001
35801,Boise City,16015
35801,Boise City,16027
35801,Boise City,16039
35801,Boise City,16045
35801,Boise City,16073
35802,Ontario,16075
35802,Ontario,16087
35802,Ontario,41045
35803,McCall,16003
35803,McCall,16085
35901,St. George,49001
35901,St. George,49021
35901,St. George,49053
35902,Price,49007
35902,Price,49015
35902,Price,49039
35903,Moab,49019
35904,Richfield,49017
35904,Richfield,49031
35904,Richfield,49041
35905,Loa,49055
36000,Provo,49023
36000,Provo,49027
36000,Provo,49049
36100,Salt Lake City,49011
36100,Salt Lake City,49029
36100,Salt Lake City,49035
36100,Salt Lake City,49043
36100,Salt Lake City,49045
36100,Salt Lake City,49051
36100,Salt Lake City,49057
36200,Logan,16041
36200,Logan,16071
36200,Logan,49003
36200,Logan,49005
36301,Pocatello,16005
36301,Pocatello,16011
36301,Pocatello,16019
36301,Pocatello,16023
36301,Pocatello,16033
36301,Pocatello,16043
36301,Pocatello,16051
36301,Pocatello,16065
36301,Pocatello,16077
36302,Salmon,16037
36302,Salmon,16059
36303,Jackson,16081
36303,Jackson,56039
36401,Steamboat Springs,8081
36401,Steamboat Springs,8103
36401,Steamboat Springs,8107
36402,Vernal,49013
36402,Vernal,49047
36403,Soda Springs,16007
36403,Soda Springs,16029
36404,Rock Springs,49009
36404,Rock Springs,49033
36404,Rock Springs,56023
36404,Rock Springs,56035
36404,Rock Springs,56037
36404,Rock Springs,56041
36501,Klamath Falls,6035
36501,Klamath Falls,6049
36501,Klamath Falls,6093
36501,Klamath Falls,41035
36502,Burns,41025
36503,Lakeview,41037
36600,Redding,6089
36600,Redding,6103
36700,Eureka,6023
36700,Eureka,6105
36800,Medford,41029
36800,Medford,41033
36901,Crescent City,6015
36901,Crescent City,41015
36902,Roseburg,41011
36902,Roseburg,41019
37000,Modesto,6043
37000,Modesto,6047
37000,Modesto,6099
37000,Modesto,6109
37100,Bakersfield,6029
37200,Fresno,6019
37200,Fresno,6031
37200,Fresno,6039
37200,Fresno,6107
37300,Chico,6007
37300,Chico,6011
37300,Chico,6021
37300,Chico,6101
37300,Chico,6115
37400,Sacramento,6003
37400,Sacramento,6005
37400,Sacramento,6009
37400,Sacramento,6017
37400,Sacramento,6057
37400,Sacramento,6061
37400,Sacramento,6067
37400,Sacramento,6077
37400,Sacramento,6113
37400,Sacramento,32005
37500,San Jose,6053
37500,San Jose,6069
37500,San Jose,6085
37500,San Jose,6087
37601,Elko,32007
37601,Elko,32011
37601,Elko,32015
37601,Elko,32033
37602,Winnemucca,32013
37602,Winnemucca,32027
37603,Portola,6063
37603,Portola,6091
37604,Reno,32001
37604,Reno,32019
37604,Reno,32029
37604,Reno,32031
37604,Reno,32510
37700,Santa Rosa,6033
37700,Santa Rosa,6045
37700,Santa Rosa,6097
37800,San Francisco,6001
37800,San Francisco,6013
37800,San Francisco,6041
37800,San Francisco,6055
37800,San Francisco,6075
37800,San Francisco,6081
37800,San Francisco,6095
37901,Las Vegas,4015
37901,Las Vegas,32003
37901,Las Vegas,32009
37901,Las Vegas,32017
37901,Las Vegas,32023
37902,Reno,32021
37903,Mammoth Lakes,6027
37903,Mammoth Lakes,6051
38000,San Diego,6073
38100,Yuma,4027
38100,Yuma,6025
38200,Santa Barbara,6079
38200,Santa Barbara,6083
38300,Los Angeles,4012
38300,Los Angeles,6037
38300,Los Angeles,6059
38300,Los Angeles,6065
38300,Los Angeles,6071
38300,Los Angeles,6111
38401,Lewiston,16035
38401,Lewiston,16049
38401,Lewiston,16061
38401,Lewiston,16069
38401,Lewiston,53003
38401,Lewiston,53023
38402,Pullman,16057
38402,Pullman,53075
38501,Moses Lake,53001
38501,Moses Lake,53025
38502,Wenatchee,53007
38502,Wenatchee,53017
38601,Spokane,16009
38601,Spokane,16017
38601,Spokane,16055
38601,Spokane,16079
38601,Spokane,53043
38601,Spokane,53051
38601,Spokane,53063
38602,Colville,53019
38602,Colville,53047
38602,Colville,53065
38700,Longview,41007
38700,Longview,53015
38700,Longview,53027
38700,Longview,53049
38700,Longview,53069
38801,Portland,41005
38801,Portland,41009
38801,Portland,41051
38801,Portland,41067
38801,Portland,53011
38801,Portland,53059
38802,The Dalles,41027
38802,The Dalles,41055
38802,The Dalles,41065
38802,The Dalles,53039
38901,Eugene,41003
38901,Eugene,41039
38901,Eugene,41043
38901,Eugene,41047
38901,Eugene,41053
38901,Eugene,41071
38902,Newport,41041
38902,Newport,41057
39000,Yakima,53037
39000,Yakima,53077
39100,Kennewick,41049
39100,Kennewick,41059
39100,Kennewick,53005
39100,Kennewick,53013
39100,Kennewick,53021
39100,Kennewick,53071
39201,La Grande,41001
39201,La Grande,41061
39202,Enterprise,41063
39203,Bend,41013
39203,Bend,41017
39203,Bend,41031
39204,Condon,41021
39204,Condon,41069
39205,John Day,41023
39301,Friday Harbor,53055
39302,Bellingham,53073
39303,Port Angeles,53009
39303,Port Angeles,53031
39400,Seattle,53029
39400,Seattle,53033
39400,Seattle,53035
39400,Seattle,53041
39400,Seattle,53045
39400,Seattle,53053
39400,Seattle,53057
39400,Seattle,53061
39400,Seattle,53067