<?xml version="1.0" encoding="US-ASCII" standalone="yes"?><?mso-application progid="Excel.Sheet"?><Workbook xmlns="urn:schemas-microsoft-com:office:spreadsheet" xmlns:o="urn:schemas-microsoft-com:office:office" xmlns:x="urn:schemas-microsoft-com:office:excel" xmlns:ss="urn:schemas-microsoft-com:office:spreadsheet" xmlns:html="http://www.w3.org/TR/REC-html40"><DocumentProperties xmlns="urn:schemas-microsoft-com:office:office"><Author></Author><LastAuthor></LastAuthor><Created></Created><LastSaved></LastSaved><Company></Company><Version></Version></DocumentProperties><ExcelWorkbook  xmlns="urn:schemas-microsoft-com:office:excel"><ProtectStructure>False</ProtectStructure><ProtectWindows>False</ProtectWindows></ExcelWorkbook><Styles><Style ss:ID="Default" ss:Name="Normal"><Alignment ss:Vertical="Bottom"/><Borders/><Font ss:FontName="Calibri" ss:Size="10"/><Interior/><NumberFormat/><Protection/></Style><Style ss:ID="s1"><Font ss:FontName="Calibri" ss:Bold="1" ss:Size="12"/><NumberFormat/></Style><Style ss:ID="s21"><Alignment ss:Horizontal="Center" ss:Vertical="Bottom"/><NumberFormat/><Font ss:FontName="Calibri" ss:Size="10"/><Borders><Border ss:Position="Top" ss:LineStyle="Continuous" ss:Weight="1"/></Borders></Style><Style ss:ID="s22"><Alignment ss:Horizontal="Center" ss:Vertical="Bottom"/><Font ss:FontName="Calibri" ss:Size="10"/><NumberFormat/></Style><Style ss:ID="s23"><Alignment ss:Horizontal="Center" ss:Vertical="Bottom"/><NumberFormat/><Font ss:FontName="Calibri" ss:Size="10"/><Borders><Border ss:Position="Bottom" ss:LineStyle="Continuous" ss:Weight="1"/></Borders></Style><Style ss:ID="s24"><Font ss:FontName="Calibri" ss:Size="10"/><NumberFormat/></Style><Style ss:ID="s31"><Font ss:FontName="Calibri" ss:Size="10"/><Borders><Border ss:Position="Top" ss:LineStyle="Continuous" ss:Weight="1"/></Borders></Style><Style ss:ID="s32"><Font ss:FontName="Calibri" ss:Size="10"/><Borders/></Style><Style ss:ID="s33"><Font ss:FontName="Calibri" ss:Size="10"/><Borders><Border ss:Position="Bottom" ss:LineStyle="Continuous" ss:Weight="1"/></Borders></Style></Styles><Names></Names><Worksheet ss:Name="Sheet1"><Table ss:ExpandedColumnCount="4" ss:ExpandedRowCount="171" x:FullColumns="1" x:FullRows="1"><Column ss:AutoFitWidth="0" ss:Width="290"/><Column ss:AutoFitWidth="0" ss:Width="58"/><Column ss:AutoFitWidth="0" ss:Width="58"/><Column ss:AutoFitWidth="0" ss:Width="58"/><Row></Row><Row><Cell ss:StyleID="s31"><Data ss:Type="String"></Data></Cell><Cell ss:StyleID="s21"><Data ss:Type="String">(1)</Data></Cell><Cell ss:StyleID="s21"><Data ss:Type="String">(2)</Data></Cell><Cell ss:StyleID="s21"><Data ss:Type="String">(3)</Data></Cell></Row><Row><Cell ss:StyleID="s32"><Data ss:Type="String">VARIABLES</Data></Cell><Cell ss:StyleID="s22"><Data ss:Type="String">stAvgSSLCTotal</Data></Cell><Cell ss:StyleID="s22"><Data ss:Type="String">stAvgSSLCTotal</Data></Cell><Cell ss:StyleID="s22"><Data ss:Type="String">stAvgSSLCTotal</Data></Cell></Row><Row><Cell ss:StyleID="s31"><Data ss:Type="String"></Data></Cell><Cell ss:StyleID="s21"><Data ss:Type="String"></Data></Cell><Cell ss:StyleID="s21"><Data ss:Type="String"></Data></Cell><Cell ss:StyleID="s21"><Data ss:Type="String"></Data></Cell></Row><Row><Cell ss:StyleID="s32"><Data ss:Type="String">stTotalMuslim</Data></Cell><Cell ss:StyleID="s22"><Data ss:Type="String"></Data></Cell><Cell ss:StyleID="s22"><Data ss:Type="String">-0.151***</Data></Cell><Cell ss:StyleID="s22"><Data ss:Type="String"></Data></Cell></Row><Row><Cell ss:StyleID="s32"><Data ss:Type="String"></Data></Cell><Cell ss:StyleID="s22"><Data ss:Type="String"></Data></Cell><Cell ss:StyleID="s22"><Data ss:Type="String">(0.0308)</Data></Cell><Cell ss:StyleID="s22"><Data ss:Type="String"></Data></Cell></Row><Row><Cell ss:StyleID="s32"><Data ss:Type="String">1.MuslimSchool</Data></Cell><Cell ss:StyleID="s22"><Data ss:Type="String"></Data></Cell><Cell ss:StyleID="s22"><Data ss:Type="String">-0.397***</Data></Cell><Cell ss:StyleID="s22"><Data ss:Type="String"></Data></Cell></Row><Row><Cell ss:StyleID="s32"><Data ss:Type="String"></Data></Cell><Cell ss:StyleID="s22"><Data ss:Type="String"></Data></Cell><Cell ss:StyleID="s22"><Data ss:Type="String">(0.114)</Data></Cell><Cell ss:StyleID="s22"><Data ss:Type="String"></Data></Cell></Row><Row><Cell ss:StyleID="s32"><Data ss:Type="String">1.GenderTypeGirlsDummy</Data></Cell><Cell ss:StyleID="s22"><Data ss:Type="String">1.040***</Data></Cell><Cell ss:StyleID="s22"><Data ss:Type="String">1.027***</Data></Cell><Cell ss:StyleID="s22"><Data ss:Type="String">0.579***</Data></Cell></Row><Row><Cell ss:StyleID="s32"><Data ss:Type="String"></Data></Cell><Cell ss:StyleID="s22"><Data ss:Type="String">(0.164)</Data></Cell><Cell ss:StyleID="s22"><Data ss:Type="String">(0.154)</Data></Cell><Cell ss:StyleID="s22"><Data ss:Type="String">(0.171)</Data></Cell></Row><Row><Cell ss:StyleID="s32"><Data ss:Type="String">1.PrivateDummy</Data></Cell><Cell ss:StyleID="s22"><Data ss:Type="String">0.829***</Data></Cell><Cell ss:StyleID="s22"><Data ss:Type="String">0.804***</Data></Cell><Cell ss:StyleID="s22"><Data ss:Type="String">0.845***</Data></Cell></Row><Row><Cell ss:StyleID="s32"><Data ss:Type="String"></Data></Cell><Cell ss:StyleID="s22"><Data ss:Type="String">(0.185)</Data></Cell><Cell ss:StyleID="s22"><Data ss:Type="String">(0.212)</Data></Cell><Cell ss:StyleID="s22"><Data ss:Type="String">(0.179)</Data></Cell></Row><Row><Cell ss:StyleID="s32"><Data ss:Type="String">1.AidedDummy</Data></Cell><Cell ss:StyleID="s22"><Data ss:Type="String">-0.0407</Data></Cell><Cell ss:StyleID="s22"><Data ss:Type="String">-0.0138</Data></Cell><Cell ss:StyleID="s22"><Data ss:Type="String">0.0105</Data></Cell></Row><Row><Cell ss:StyleID="s32"><Data ss:Type="String"></Data></Cell><Cell ss:StyleID="s22"><Data ss:Type="String">(0.0644)</Data></Cell><Cell ss:StyleID="s22"><Data ss:Type="String">(0.0646)</Data></Cell><Cell ss:StyleID="s22"><Data ss:Type="String">(0.0642)</Data></Cell></Row><Row><Cell ss:StyleID="s32"><Data ss:Type="String">1.LocationDummy</Data></Cell><Cell ss:StyleID="s22"><Data ss:Type="String">-0.471***</Data></Cell><Cell ss:StyleID="s22"><Data ss:Type="String">-0.397***</Data></Cell><Cell ss:StyleID="s22"><Data ss:Type="String">-0.394***</Data></Cell></Row><Row><Cell ss:StyleID="s32"><Data ss:Type="String"></Data></Cell><Cell ss:StyleID="s22"><Data ss:Type="String">(0.0704)</Data></Cell><Cell ss:StyleID="s22"><Data ss:Type="String">(0.0708)</Data></Cell><Cell ss:StyleID="s22"><Data ss:Type="String">(0.0706)</Data></Cell></Row><Row><Cell ss:StyleID="s32"><Data ss:Type="String">0b.MuslimSchool#0b.GenderTypeGirlsDummy</Data></Cell><Cell ss:StyleID="s22"><Data ss:Type="String"></Data></Cell><Cell ss:StyleID="s22"><Data ss:Type="String">0</Data></Cell><Cell ss:StyleID="s22"><Data ss:Type="String"></Data></Cell></Row><Row><Cell ss:StyleID="s32"><Data ss:Type="String"></Data></Cell><Cell ss:StyleID="s22"><Data ss:Type="String"></Data></Cell><Cell ss:StyleID="s22"><Data ss:Type="String">(0)</Data></Cell><Cell ss:StyleID="s22"><Data ss:Type="String"></Data></Cell></Row><Row><Cell ss:StyleID="s32"><Data ss:Type="String">0b.MuslimSchool#1o.GenderTypeGirlsDummy</Data></Cell><Cell ss:StyleID="s22"><Data ss:Type="String"></Data></Cell><Cell ss:StyleID="s22"><Data ss:Type="String">0</Data></Cell><Cell ss:StyleID="s22"><Data ss:Type="String"></Data></Cell></Row><Row><Cell ss:StyleID="s32"><Data ss:Type="String"></Data></Cell><Cell ss:StyleID="s22"><Data ss:Type="String"></Data></Cell><Cell ss:StyleID="s22"><Data ss:Type="String">(0)</Data></Cell><Cell ss:StyleID="s22"><Data ss:Type="String"></Data></Cell></Row><Row><Cell ss:StyleID="s32"><Data ss:Type="String">1o.MuslimSchool#0b.GenderTypeGirlsDummy</Data></Cell><Cell ss:StyleID="s22"><Data ss:Type="String"></Data></Cell><Cell ss:StyleID="s22"><Data ss:Type="String">0</Data></Cell><Cell ss:StyleID="s22"><Data ss:Type="String"></Data></Cell></Row><Row><Cell ss:StyleID="s32"><Data ss:Type="String"></Data></Cell><Cell ss:StyleID="s22"><Data ss:Type="String"></Data></Cell><Cell ss:StyleID="s22"><Data ss:Type="String">(0)</Data></Cell><Cell ss:StyleID="s22"><Data ss:Type="String"></Data></Cell></Row><Row><Cell ss:StyleID="s32"><Data ss:Type="String">1.MuslimSchool#1.GenderTypeGirlsDummy</Data></Cell><Cell ss:StyleID="s22"><Data ss:Type="String"></Data></Cell><Cell ss:StyleID="s22"><Data ss:Type="String">-0.564**</Data></Cell><Cell ss:StyleID="s22"><Data ss:Type="String"></Data></Cell></Row><Row><Cell ss:StyleID="s32"><Data ss:Type="String"></Data></Cell><Cell ss:StyleID="s22"><Data ss:Type="String"></Data></Cell><Cell ss:StyleID="s22"><Data ss:Type="String">(0.271)</Data></Cell><Cell ss:StyleID="s22"><Data ss:Type="String"></Data></Cell></Row><Row><Cell ss:StyleID="s32"><Data ss:Type="String">0b.MuslimSchool#0b.PrivateDummy</Data></Cell><Cell ss:StyleID="s22"><Data ss:Type="String"></Data></Cell><Cell ss:StyleID="s22"><Data ss:Type="String">0</Data></Cell><Cell ss:StyleID="s22"><Data ss:Type="String"></Data></Cell></Row><Row><Cell ss:StyleID="s32"><Data ss:Type="String"></Data></Cell><Cell ss:StyleID="s22"><Data ss:Type="String"></Data></Cell><Cell ss:StyleID="s22"><Data ss:Type="String">(0)</Data></Cell><Cell ss:StyleID="s22"><Data ss:Type="String"></Data></Cell></Row><Row><Cell ss:StyleID="s32"><Data ss:Type="String">0b.MuslimSchool#1o.PrivateDummy</Data></Cell><Cell ss:StyleID="s22"><Data ss:Type="String"></Data></Cell><Cell ss:StyleID="s22"><Data ss:Type="String">0</Data></Cell><Cell ss:StyleID="s22"><Data ss:Type="String"></Data></Cell></Row><Row><Cell ss:StyleID="s32"><Data ss:Type="String"></Data></Cell><Cell ss:StyleID="s22"><Data ss:Type="String"></Data></Cell><Cell ss:StyleID="s22"><Data ss:Type="String">(0)</Data></Cell><Cell ss:StyleID="s22"><Data ss:Type="String"></Data></Cell></Row><Row><Cell ss:StyleID="s32"><Data ss:Type="String">1o.MuslimSchool#0b.PrivateDummy</Data></Cell><Cell ss:StyleID="s22"><Data ss:Type="String"></Data></Cell><Cell ss:StyleID="s22"><Data ss:Type="String">0</Data></Cell><Cell ss:StyleID="s22"><Data ss:Type="String"></Data></Cell></Row><Row><Cell ss:StyleID="s32"><Data ss:Type="String"></Data></Cell><Cell ss:StyleID="s22"><Data ss:Type="String"></Data></Cell><Cell ss:StyleID="s22"><Data ss:Type="String">(0)</Data></Cell><Cell ss:StyleID="s22"><Data ss:Type="String"></Data></Cell></Row><Row><Cell ss:StyleID="s32"><Data ss:Type="String">1.MuslimSchool#1.PrivateDummy</Data></Cell><Cell ss:StyleID="s22"><Data ss:Type="String"></Data></Cell><Cell ss:StyleID="s22"><Data ss:Type="String">0.380**</Data></Cell><Cell ss:StyleID="s22"><Data ss:Type="String"></Data></Cell></Row><Row><Cell ss:StyleID="s32"><Data ss:Type="String"></Data></Cell><Cell ss:StyleID="s22"><Data ss:Type="String"></Data></Cell><Cell ss:StyleID="s22"><Data ss:Type="String">(0.158)</Data></Cell><Cell ss:StyleID="s22"><Data ss:Type="String"></Data></Cell></Row><Row><Cell ss:StyleID="s32"><Data ss:Type="String">0b.MuslimSchool#0b.AidedDummy</Data></Cell><Cell ss:StyleID="s22"><Data ss:Type="String"></Data></Cell><Cell ss:StyleID="s22"><Data ss:Type="String">0</Data></Cell><Cell ss:StyleID="s22"><Data ss:Type="String"></Data></Cell></Row><Row><Cell ss:StyleID="s32"><Data ss:Type="String"></Data></Cell><Cell ss:StyleID="s22"><Data ss:Type="String"></Data></Cell><Cell ss:StyleID="s22"><Data ss:Type="String">(0)</Data></Cell><Cell ss:StyleID="s22"><Data ss:Type="String"></Data></Cell></Row><Row><Cell ss:StyleID="s32"><Data ss:Type="String">0b.MuslimSchool#1o.AidedDummy</Data></Cell><Cell ss:StyleID="s22"><Data ss:Type="String"></Data></Cell><Cell ss:StyleID="s22"><Data ss:Type="String">0</Data></Cell><Cell ss:StyleID="s22"><Data ss:Type="String"></Data></Cell></Row><Row><Cell ss:StyleID="s32"><Data ss:Type="String"></Data></Cell><Cell ss:StyleID="s22"><Data ss:Type="String"></Data></Cell><Cell ss:StyleID="s22"><Data ss:Type="String">(0)</Data></Cell><Cell ss:StyleID="s22"><Data ss:Type="String"></Data></Cell></Row><Row><Cell ss:StyleID="s32"><Data ss:Type="String">1o.MuslimSchool#0b.AidedDummy</Data></Cell><Cell ss:StyleID="s22"><Data ss:Type="String"></Data></Cell><Cell ss:StyleID="s22"><Data ss:Type="String">0</Data></Cell><Cell ss:StyleID="s22"><Data ss:Type="String"></Data></Cell></Row><Row><Cell ss:StyleID="s32"><Data ss:Type="String"></Data></Cell><Cell ss:StyleID="s22"><Data ss:Type="String"></Data></Cell><Cell ss:StyleID="s22"><Data ss:Type="String">(0)</Data></Cell><Cell ss:StyleID="s22"><Data ss:Type="String"></Data></Cell></Row><Row><Cell ss:StyleID="s32"><Data ss:Type="String">1.MuslimSchool#1.AidedDummy</Data></Cell><Cell ss:StyleID="s22"><Data ss:Type="String"></Data></Cell><Cell ss:StyleID="s22"><Data ss:Type="String">0.433***</Data></Cell><Cell ss:StyleID="s22"><Data ss:Type="String"></Data></Cell></Row><Row><Cell ss:StyleID="s32"><Data ss:Type="String"></Data></Cell><Cell ss:StyleID="s22"><Data ss:Type="String"></Data></Cell><Cell ss:StyleID="s22"><Data ss:Type="String">(0.144)</Data></Cell><Cell ss:StyleID="s22"><Data ss:Type="String"></Data></Cell></Row><Row><Cell ss:StyleID="s32"><Data ss:Type="String">0b.MuslimSchool#0b.LocationDummy</Data></Cell><Cell ss:StyleID="s22"><Data ss:Type="String"></Data></Cell><Cell ss:StyleID="s22"><Data ss:Type="String">0</Data></Cell><Cell ss:StyleID="s22"><Data ss:Type="String"></Data></Cell></Row><Row><Cell ss:StyleID="s32"><Data ss:Type="String"></Data></Cell><Cell ss:StyleID="s22"><Data ss:Type="String"></Data></Cell><Cell ss:StyleID="s22"><Data ss:Type="String">(0)</Data></Cell><Cell ss:StyleID="s22"><Data ss:Type="String"></Data></Cell></Row><Row><Cell ss:StyleID="s32"><Data ss:Type="String">0b.MuslimSchool#1o.LocationDummy</Data></Cell><Cell ss:StyleID="s22"><Data ss:Type="String"></Data></Cell><Cell ss:StyleID="s22"><Data ss:Type="String">0</Data></Cell><Cell ss:StyleID="s22"><Data ss:Type="String"></Data></Cell></Row><Row><Cell ss:StyleID="s32"><Data ss:Type="String"></Data></Cell><Cell ss:StyleID="s22"><Data ss:Type="String"></Data></Cell><Cell ss:StyleID="s22"><Data ss:Type="String">(0)</Data></Cell><Cell ss:StyleID="s22"><Data ss:Type="String"></Data></Cell></Row><Row><Cell ss:StyleID="s32"><Data ss:Type="String">1o.MuslimSchool#0b.LocationDummy</Data></Cell><Cell ss:StyleID="s22"><Data ss:Type="String"></Data></Cell><Cell ss:StyleID="s22"><Data ss:Type="String">0</Data></Cell><Cell ss:StyleID="s22"><Data ss:Type="String"></Data></Cell></Row><Row><Cell ss:StyleID="s32"><Data ss:Type="String"></Data></Cell><Cell ss:StyleID="s22"><Data ss:Type="String"></Data></Cell><Cell ss:StyleID="s22"><Data ss:Type="String">(0)</Data></Cell><Cell ss:StyleID="s22"><Data ss:Type="String"></Data></Cell></Row><Row><Cell ss:StyleID="s32"><Data ss:Type="String">1.MuslimSchool#1.LocationDummy</Data></Cell><Cell ss:StyleID="s22"><Data ss:Type="String"></Data></Cell><Cell ss:StyleID="s22"><Data ss:Type="String">0.160</Data></Cell><Cell ss:StyleID="s22"><Data ss:Type="String"></Data></Cell></Row><Row><Cell ss:StyleID="s32"><Data ss:Type="String"></Data></Cell><Cell ss:StyleID="s22"><Data ss:Type="String"></Data></Cell><Cell ss:StyleID="s22"><Data ss:Type="String">(0.136)</Data></Cell><Cell ss:StyleID="s22"><Data ss:Type="String"></Data></Cell></Row><Row><Cell ss:StyleID="s32"><Data ss:Type="String">0b.LocationDummy#0b.PrivateDummy</Data></Cell><Cell ss:StyleID="s22"><Data ss:Type="String">0</Data></Cell><Cell ss:StyleID="s22"><Data ss:Type="String">0</Data></Cell><Cell ss:StyleID="s22"><Data ss:Type="String">0</Data></Cell></Row><Row><Cell ss:StyleID="s32"><Data ss:Type="String"></Data></Cell><Cell ss:StyleID="s22"><Data ss:Type="String">(0)</Data></Cell><Cell ss:StyleID="s22"><Data ss:Type="String">(0)</Data></Cell><Cell ss:StyleID="s22"><Data ss:Type="String">(0)</Data></Cell></Row><Row><Cell ss:StyleID="s32"><Data ss:Type="String">0b.LocationDummy#1o.PrivateDummy</Data></Cell><Cell ss:StyleID="s22"><Data ss:Type="String">0</Data></Cell><Cell ss:StyleID="s22"><Data ss:Type="String">0</Data></Cell><Cell ss:StyleID="s22"><Data ss:Type="String">0</Data></Cell></Row><Row><Cell ss:StyleID="s32"><Data ss:Type="String"></Data></Cell><Cell ss:StyleID="s22"><Data ss:Type="String">(0)</Data></Cell><Cell ss:StyleID="s22"><Data ss:Type="String">(0)</Data></Cell><Cell ss:StyleID="s22"><Data ss:Type="String">(0)</Data></Cell></Row><Row><Cell ss:StyleID="s32"><Data ss:Type="String">1o.LocationDummy#0b.PrivateDummy</Data></Cell><Cell ss:StyleID="s22"><Data ss:Type="String">0</Data></Cell><Cell ss:StyleID="s22"><Data ss:Type="String">0</Data></Cell><Cell ss:StyleID="s22"><Data ss:Type="String">0</Data></Cell></Row><Row><Cell ss:StyleID="s32"><Data ss:Type="String"></Data></Cell><Cell ss:StyleID="s22"><Data ss:Type="String">(0)</Data></Cell><Cell ss:StyleID="s22"><Data ss:Type="String">(0)</Data></Cell><Cell ss:StyleID="s22"><Data ss:Type="String">(0)</Data></Cell></Row><Row><Cell ss:StyleID="s32"><Data ss:Type="String">1.LocationDummy#1.PrivateDummy</Data></Cell><Cell ss:StyleID="s22"><Data ss:Type="String">0.324**</Data></Cell><Cell ss:StyleID="s22"><Data ss:Type="String">0.214</Data></Cell><Cell ss:StyleID="s22"><Data ss:Type="String">0.245*</Data></Cell></Row><Row><Cell ss:StyleID="s32"><Data ss:Type="String"></Data></Cell><Cell ss:StyleID="s22"><Data ss:Type="String">(0.132)</Data></Cell><Cell ss:StyleID="s22"><Data ss:Type="String">(0.133)</Data></Cell><Cell ss:StyleID="s22"><Data ss:Type="String">(0.132)</Data></Cell></Row><Row><Cell ss:StyleID="s32"><Data ss:Type="String">0b.LocationDummy#0b.AidedDummy</Data></Cell><Cell ss:StyleID="s22"><Data ss:Type="String">0</Data></Cell><Cell ss:StyleID="s22"><Data ss:Type="String">0</Data></Cell><Cell ss:StyleID="s22"><Data ss:Type="String">0</Data></Cell></Row><Row><Cell ss:StyleID="s32"><Data ss:Type="String"></Data></Cell><Cell ss:StyleID="s22"><Data ss:Type="String">(0)</Data></Cell><Cell ss:StyleID="s22"><Data ss:Type="String">(0)</Data></Cell><Cell ss:StyleID="s22"><Data ss:Type="String">(0)</Data></Cell></Row><Row><Cell ss:StyleID="s32"><Data ss:Type="String">0b.LocationDummy#1o.AidedDummy</Data></Cell><Cell ss:StyleID="s22"><Data ss:Type="String">0</Data></Cell><Cell ss:StyleID="s22"><Data ss:Type="String">0</Data></Cell><Cell ss:StyleID="s22"><Data ss:Type="String">0</Data></Cell></Row><Row><Cell ss:StyleID="s32"><Data ss:Type="String"></Data></Cell><Cell ss:StyleID="s22"><Data ss:Type="String">(0)</Data></Cell><Cell ss:StyleID="s22"><Data ss:Type="String">(0)</Data></Cell><Cell ss:StyleID="s22"><Data ss:Type="String">(0)</Data></Cell></Row><Row><Cell ss:StyleID="s32"><Data ss:Type="String">1o.LocationDummy#0b.AidedDummy</Data></Cell><Cell ss:StyleID="s22"><Data ss:Type="String">0</Data></Cell><Cell ss:StyleID="s22"><Data ss:Type="String">0</Data></Cell><Cell ss:StyleID="s22"><Data ss:Type="String">0</Data></Cell></Row><Row><Cell ss:StyleID="s32"><Data ss:Type="String"></Data></Cell><Cell ss:StyleID="s22"><Data ss:Type="String">(0)</Data></Cell><Cell ss:StyleID="s22"><Data ss:Type="String">(0)</Data></Cell><Cell ss:StyleID="s22"><Data ss:Type="String">(0)</Data></Cell></Row><Row><Cell ss:StyleID="s32"><Data ss:Type="String">1.LocationDummy#1.AidedDummy</Data></Cell><Cell ss:StyleID="s22"><Data ss:Type="String">0.309***</Data></Cell><Cell ss:StyleID="s22"><Data ss:Type="String">0.248***</Data></Cell><Cell ss:StyleID="s22"><Data ss:Type="String">0.243***</Data></Cell></Row><Row><Cell ss:StyleID="s32"><Data ss:Type="String"></Data></Cell><Cell ss:StyleID="s22"><Data ss:Type="String">(0.0878)</Data></Cell><Cell ss:StyleID="s22"><Data ss:Type="String">(0.0875)</Data></Cell><Cell ss:StyleID="s22"><Data ss:Type="String">(0.0874)</Data></Cell></Row><Row><Cell ss:StyleID="s32"><Data ss:Type="String">1.GenderTypeCoedDummy</Data></Cell><Cell ss:StyleID="s22"><Data ss:Type="String">-0.0696</Data></Cell><Cell ss:StyleID="s22"><Data ss:Type="String">-0.0358</Data></Cell><Cell ss:StyleID="s22"><Data ss:Type="String">-0.237**</Data></Cell></Row><Row><Cell ss:StyleID="s32"><Data ss:Type="String"></Data></Cell><Cell ss:StyleID="s22"><Data ss:Type="String">(0.118)</Data></Cell><Cell ss:StyleID="s22"><Data ss:Type="String">(0.116)</Data></Cell><Cell ss:StyleID="s22"><Data ss:Type="String">(0.119)</Data></Cell></Row><Row><Cell ss:StyleID="s32"><Data ss:Type="String">0b.GenderTypeGirlsDummy#0b.AidedDummy</Data></Cell><Cell ss:StyleID="s22"><Data ss:Type="String">0</Data></Cell><Cell ss:StyleID="s22"><Data ss:Type="String">0</Data></Cell><Cell ss:StyleID="s22"><Data ss:Type="String">0</Data></Cell></Row><Row><Cell ss:StyleID="s32"><Data ss:Type="String"></Data></Cell><Cell ss:StyleID="s22"><Data ss:Type="String">(0)</Data></Cell><Cell ss:StyleID="s22"><Data ss:Type="String">(0)</Data></Cell><Cell ss:StyleID="s22"><Data ss:Type="String">(0)</Data></Cell></Row><Row><Cell ss:StyleID="s32"><Data ss:Type="String">0b.GenderTypeGirlsDummy#1o.AidedDummy</Data></Cell><Cell ss:StyleID="s22"><Data ss:Type="String">0</Data></Cell><Cell ss:StyleID="s22"><Data ss:Type="String">0</Data></Cell><Cell ss:StyleID="s22"><Data ss:Type="String">0</Data></Cell></Row><Row><Cell ss:StyleID="s32"><Data ss:Type="String"></Data></Cell><Cell ss:StyleID="s22"><Data ss:Type="String">(0)</Data></Cell><Cell ss:StyleID="s22"><Data ss:Type="String">(0)</Data></Cell><Cell ss:StyleID="s22"><Data ss:Type="String">(0)</Data></Cell></Row><Row><Cell ss:StyleID="s32"><Data ss:Type="String">1o.GenderTypeGirlsDummy#0b.AidedDummy</Data></Cell><Cell ss:StyleID="s22"><Data ss:Type="String">0</Data></Cell><Cell ss:StyleID="s22"><Data ss:Type="String">0</Data></Cell><Cell ss:StyleID="s22"><Data ss:Type="String">0</Data></Cell></Row><Row><Cell ss:StyleID="s32"><Data ss:Type="String"></Data></Cell><Cell ss:StyleID="s22"><Data ss:Type="String">(0)</Data></Cell><Cell ss:StyleID="s22"><Data ss:Type="String">(0)</Data></Cell><Cell ss:StyleID="s22"><Data ss:Type="String">(0)</Data></Cell></Row><Row><Cell ss:StyleID="s32"><Data ss:Type="String">1.GenderTypeGirlsDummy#1.AidedDummy</Data></Cell><Cell ss:StyleID="s22"><Data ss:Type="String">-0.342***</Data></Cell><Cell ss:StyleID="s22"><Data ss:Type="String">-0.225*</Data></Cell><Cell ss:StyleID="s22"><Data ss:Type="String">-0.314**</Data></Cell></Row><Row><Cell ss:StyleID="s32"><Data ss:Type="String"></Data></Cell><Cell ss:StyleID="s22"><Data ss:Type="String">(0.128)</Data></Cell><Cell ss:StyleID="s22"><Data ss:Type="String">(0.120)</Data></Cell><Cell ss:StyleID="s22"><Data ss:Type="String">(0.126)</Data></Cell></Row><Row><Cell ss:StyleID="s32"><Data ss:Type="String">0b.GenderTypeGirlsDummy#0b.PrivateDummy</Data></Cell><Cell ss:StyleID="s22"><Data ss:Type="String">0</Data></Cell><Cell ss:StyleID="s22"><Data ss:Type="String">0</Data></Cell><Cell ss:StyleID="s22"><Data ss:Type="String">0</Data></Cell></Row><Row><Cell ss:StyleID="s32"><Data ss:Type="String"></Data></Cell><Cell ss:StyleID="s22"><Data ss:Type="String">(0)</Data></Cell><Cell ss:StyleID="s22"><Data ss:Type="String">(0)</Data></Cell><Cell ss:StyleID="s22"><Data ss:Type="String">(0)</Data></Cell></Row><Row><Cell ss:StyleID="s32"><Data ss:Type="String">0b.GenderTypeGirlsDummy#1o.PrivateDummy</Data></Cell><Cell ss:StyleID="s22"><Data ss:Type="String">0</Data></Cell><Cell ss:StyleID="s22"><Data ss:Type="String">0</Data></Cell><Cell ss:StyleID="s22"><Data ss:Type="String">0</Data></Cell></Row><Row><Cell ss:StyleID="s32"><Data ss:Type="String"></Data></Cell><Cell ss:StyleID="s22"><Data ss:Type="String">(0)</Data></Cell><Cell ss:StyleID="s22"><Data ss:Type="String">(0)</Data></Cell><Cell ss:StyleID="s22"><Data ss:Type="String">(0)</Data></Cell></Row><Row><Cell ss:StyleID="s32"><Data ss:Type="String">1o.GenderTypeGirlsDummy#0b.PrivateDummy</Data></Cell><Cell ss:StyleID="s22"><Data ss:Type="String">0</Data></Cell><Cell ss:StyleID="s22"><Data ss:Type="String">0</Data></Cell><Cell ss:StyleID="s22"><Data ss:Type="String">0</Data></Cell></Row><Row><Cell ss:StyleID="s32"><Data ss:Type="String"></Data></Cell><Cell ss:StyleID="s22"><Data ss:Type="String">(0)</Data></Cell><Cell ss:StyleID="s22"><Data ss:Type="String">(0)</Data></Cell><Cell ss:StyleID="s22"><Data ss:Type="String">(0)</Data></Cell></Row><Row><Cell ss:StyleID="s32"><Data ss:Type="String">1.GenderTypeGirlsDummy#1.PrivateDummy</Data></Cell><Cell ss:StyleID="s22"><Data ss:Type="String">-0.858*</Data></Cell><Cell ss:StyleID="s22"><Data ss:Type="String">-0.630*</Data></Cell><Cell ss:StyleID="s22"><Data ss:Type="String">-0.806*</Data></Cell></Row><Row><Cell ss:StyleID="s32"><Data ss:Type="String"></Data></Cell><Cell ss:StyleID="s22"><Data ss:Type="String">(0.463)</Data></Cell><Cell ss:StyleID="s22"><Data ss:Type="String">(0.381)</Data></Cell><Cell ss:StyleID="s22"><Data ss:Type="String">(0.449)</Data></Cell></Row><Row><Cell ss:StyleID="s32"><Data ss:Type="String">1.PlaygroundDummy</Data></Cell><Cell ss:StyleID="s22"><Data ss:Type="String">0.0302</Data></Cell><Cell ss:StyleID="s22"><Data ss:Type="String">0.00895</Data></Cell><Cell ss:StyleID="s22"><Data ss:Type="String">0.0456</Data></Cell></Row><Row><Cell ss:StyleID="s32"><Data ss:Type="String"></Data></Cell><Cell ss:StyleID="s22"><Data ss:Type="String">(0.0567)</Data></Cell><Cell ss:StyleID="s22"><Data ss:Type="String">(0.0569)</Data></Cell><Cell ss:StyleID="s22"><Data ss:Type="String">(0.0566)</Data></Cell></Row><Row><Cell ss:StyleID="s32"><Data ss:Type="String">1.ScienceLabDummy</Data></Cell><Cell ss:StyleID="s22"><Data ss:Type="String">0.0876**</Data></Cell><Cell ss:StyleID="s22"><Data ss:Type="String">0.0884**</Data></Cell><Cell ss:StyleID="s22"><Data ss:Type="String">0.0844**</Data></Cell></Row><Row><Cell ss:StyleID="s32"><Data ss:Type="String"></Data></Cell><Cell ss:StyleID="s22"><Data ss:Type="String">(0.0345)</Data></Cell><Cell ss:StyleID="s22"><Data ss:Type="String">(0.0349)</Data></Cell><Cell ss:StyleID="s22"><Data ss:Type="String">(0.0351)</Data></Cell></Row><Row><Cell ss:StyleID="s32"><Data ss:Type="String">STR</Data></Cell><Cell ss:StyleID="s22"><Data ss:Type="String">-0.000168</Data></Cell><Cell ss:StyleID="s22"><Data ss:Type="String">-0.000182</Data></Cell><Cell ss:StyleID="s22"><Data ss:Type="String">-0.000276</Data></Cell></Row><Row><Cell ss:StyleID="s32"><Data ss:Type="String"></Data></Cell><Cell ss:StyleID="s22"><Data ss:Type="String">(0.000172)</Data></Cell><Cell ss:StyleID="s22"><Data ss:Type="String">(0.000179)</Data></Cell><Cell ss:StyleID="s22"><Data ss:Type="String">(0.000172)</Data></Cell></Row><Row><Cell ss:StyleID="s32"><Data ss:Type="String">stGrants</Data></Cell><Cell ss:StyleID="s22"><Data ss:Type="String">0.0971</Data></Cell><Cell ss:StyleID="s22"><Data ss:Type="String">0.0606</Data></Cell><Cell ss:StyleID="s22"><Data ss:Type="String">0.0705</Data></Cell></Row><Row><Cell ss:StyleID="s32"><Data ss:Type="String"></Data></Cell><Cell ss:StyleID="s22"><Data ss:Type="String">(0.0686)</Data></Cell><Cell ss:StyleID="s22"><Data ss:Type="String">(0.0703)</Data></Cell><Cell ss:StyleID="s22"><Data ss:Type="String">(0.0710)</Data></Cell></Row><Row><Cell ss:StyleID="s32"><Data ss:Type="String">stComputers</Data></Cell><Cell ss:StyleID="s22"><Data ss:Type="String">-0.170**</Data></Cell><Cell ss:StyleID="s22"><Data ss:Type="String">-0.192***</Data></Cell><Cell ss:StyleID="s22"><Data ss:Type="String">-0.147**</Data></Cell></Row><Row><Cell ss:StyleID="s32"><Data ss:Type="String"></Data></Cell><Cell ss:StyleID="s22"><Data ss:Type="String">(0.0667)</Data></Cell><Cell ss:StyleID="s22"><Data ss:Type="String">(0.0668)</Data></Cell><Cell ss:StyleID="s22"><Data ss:Type="String">(0.0653)</Data></Cell></Row><Row><Cell ss:StyleID="s32"><Data ss:Type="String">c.STR#c.stGrants</Data></Cell><Cell ss:StyleID="s22"><Data ss:Type="String">-0.000345**</Data></Cell><Cell ss:StyleID="s22"><Data ss:Type="String">-0.000331*</Data></Cell><Cell ss:StyleID="s22"><Data ss:Type="String">-0.000307*</Data></Cell></Row><Row><Cell ss:StyleID="s32"><Data ss:Type="String"></Data></Cell><Cell ss:StyleID="s22"><Data ss:Type="String">(0.000158)</Data></Cell><Cell ss:StyleID="s22"><Data ss:Type="String">(0.000171)</Data></Cell><Cell ss:StyleID="s22"><Data ss:Type="String">(0.000163)</Data></Cell></Row><Row><Cell ss:StyleID="s32"><Data ss:Type="String">c.STR#c.stComputers</Data></Cell><Cell ss:StyleID="s22"><Data ss:Type="String">0.000107</Data></Cell><Cell ss:StyleID="s22"><Data ss:Type="String">8.84e-05</Data></Cell><Cell ss:StyleID="s22"><Data ss:Type="String">0.000136</Data></Cell></Row><Row><Cell ss:StyleID="s32"><Data ss:Type="String"></Data></Cell><Cell ss:StyleID="s22"><Data ss:Type="String">(0.000117)</Data></Cell><Cell ss:StyleID="s22"><Data ss:Type="String">(0.000101)</Data></Cell><Cell ss:StyleID="s22"><Data ss:Type="String">(0.000108)</Data></Cell></Row><Row><Cell ss:StyleID="s32"><Data ss:Type="String">SCR</Data></Cell><Cell ss:StyleID="s22"><Data ss:Type="String">0.0134***</Data></Cell><Cell ss:StyleID="s22"><Data ss:Type="String">0.0125***</Data></Cell><Cell ss:StyleID="s22"><Data ss:Type="String">0.00818***</Data></Cell></Row><Row><Cell ss:StyleID="s32"><Data ss:Type="String"></Data></Cell><Cell ss:StyleID="s22"><Data ss:Type="String">(0.00177)</Data></Cell><Cell ss:StyleID="s22"><Data ss:Type="String">(0.00168)</Data></Cell><Cell ss:StyleID="s22"><Data ss:Type="String">(0.00175)</Data></Cell></Row><Row><Cell ss:StyleID="s32"><Data ss:Type="String">c.SCR#c.stGrants</Data></Cell><Cell ss:StyleID="s22"><Data ss:Type="String">-0.000342</Data></Cell><Cell ss:StyleID="s22"><Data ss:Type="String">0.000434</Data></Cell><Cell ss:StyleID="s22"><Data ss:Type="String">-6.92e-05</Data></Cell></Row><Row><Cell ss:StyleID="s32"><Data ss:Type="String"></Data></Cell><Cell ss:StyleID="s22"><Data ss:Type="String">(0.00216)</Data></Cell><Cell ss:StyleID="s22"><Data ss:Type="String">(0.00214)</Data></Cell><Cell ss:StyleID="s22"><Data ss:Type="String">(0.00223)</Data></Cell></Row><Row><Cell ss:StyleID="s32"><Data ss:Type="String">c.SCR#c.stComputers</Data></Cell><Cell ss:StyleID="s22"><Data ss:Type="String">0.00549***</Data></Cell><Cell ss:StyleID="s22"><Data ss:Type="String">0.00591***</Data></Cell><Cell ss:StyleID="s22"><Data ss:Type="String">0.00420**</Data></Cell></Row><Row><Cell ss:StyleID="s32"><Data ss:Type="String"></Data></Cell><Cell ss:StyleID="s22"><Data ss:Type="String">(0.00175)</Data></Cell><Cell ss:StyleID="s22"><Data ss:Type="String">(0.00172)</Data></Cell><Cell ss:StyleID="s22"><Data ss:Type="String">(0.00169)</Data></Cell></Row><Row><Cell ss:StyleID="s32"><Data ss:Type="String">PercentHouseholdHealthInsurance</Data></Cell><Cell ss:StyleID="s22"><Data ss:Type="String">0.00307</Data></Cell><Cell ss:StyleID="s22"><Data ss:Type="String">0.000912</Data></Cell><Cell ss:StyleID="s22"><Data ss:Type="String">0.00407</Data></Cell></Row><Row><Cell ss:StyleID="s32"><Data ss:Type="String"></Data></Cell><Cell ss:StyleID="s22"><Data ss:Type="String">(0.00538)</Data></Cell><Cell ss:StyleID="s22"><Data ss:Type="String">(0.00533)</Data></Cell><Cell ss:StyleID="s22"><Data ss:Type="String">(0.00544)</Data></Cell></Row><Row><Cell ss:StyleID="s32"><Data ss:Type="String">1.MedicalDummy</Data></Cell><Cell ss:StyleID="s22"><Data ss:Type="String">-0.129</Data></Cell><Cell ss:StyleID="s22"><Data ss:Type="String">-0.338</Data></Cell><Cell ss:StyleID="s22"><Data ss:Type="String">-0.136</Data></Cell></Row><Row><Cell ss:StyleID="s32"><Data ss:Type="String"></Data></Cell><Cell ss:StyleID="s22"><Data ss:Type="String">(0.268)</Data></Cell><Cell ss:StyleID="s22"><Data ss:Type="String">(0.263)</Data></Cell><Cell ss:StyleID="s22"><Data ss:Type="String">(0.270)</Data></Cell></Row><Row><Cell ss:StyleID="s32"><Data ss:Type="String">0b.MedicalDummy#co.PercentHouseholdHealthInsurance</Data></Cell><Cell ss:StyleID="s22"><Data ss:Type="String">0</Data></Cell><Cell ss:StyleID="s22"><Data ss:Type="String">0</Data></Cell><Cell ss:StyleID="s22"><Data ss:Type="String">0</Data></Cell></Row><Row><Cell ss:StyleID="s32"><Data ss:Type="String"></Data></Cell><Cell ss:StyleID="s22"><Data ss:Type="String">(0)</Data></Cell><Cell ss:StyleID="s22"><Data ss:Type="String">(0)</Data></Cell><Cell ss:StyleID="s22"><Data ss:Type="String">(0)</Data></Cell></Row><Row><Cell ss:StyleID="s32"><Data ss:Type="String">1.MedicalDummy#c.PercentHouseholdHealthInsurance</Data></Cell><Cell ss:StyleID="s22"><Data ss:Type="String">0.00308</Data></Cell><Cell ss:StyleID="s22"><Data ss:Type="String">0.00679</Data></Cell><Cell ss:StyleID="s22"><Data ss:Type="String">0.00288</Data></Cell></Row><Row><Cell ss:StyleID="s32"><Data ss:Type="String"></Data></Cell><Cell ss:StyleID="s22"><Data ss:Type="String">(0.00557)</Data></Cell><Cell ss:StyleID="s22"><Data ss:Type="String">(0.00549)</Data></Cell><Cell ss:StyleID="s22"><Data ss:Type="String">(0.00562)</Data></Cell></Row><Row><Cell ss:StyleID="s32"><Data ss:Type="String">stQualified</Data></Cell><Cell ss:StyleID="s22"><Data ss:Type="String">0.378***</Data></Cell><Cell ss:StyleID="s22"><Data ss:Type="String">0.284***</Data></Cell><Cell ss:StyleID="s22"><Data ss:Type="String">0.112**</Data></Cell></Row><Row><Cell ss:StyleID="s32"><Data ss:Type="String"></Data></Cell><Cell ss:StyleID="s22"><Data ss:Type="String">(0.0501)</Data></Cell><Cell ss:StyleID="s22"><Data ss:Type="String">(0.0436)</Data></Cell><Cell ss:StyleID="s22"><Data ss:Type="String">(0.0494)</Data></Cell></Row><Row><Cell ss:StyleID="s32"><Data ss:Type="String">o.stComputers</Data></Cell><Cell ss:StyleID="s22"><Data ss:Type="String">-</Data></Cell><Cell ss:StyleID="s22"><Data ss:Type="String">-</Data></Cell><Cell ss:StyleID="s22"><Data ss:Type="String">-</Data></Cell></Row><Row><Cell ss:StyleID="s32"><Data ss:Type="String"></Data></Cell><Cell ss:StyleID="s22"><Data ss:Type="String"></Data></Cell><Cell ss:StyleID="s22"><Data ss:Type="String"></Data></Cell><Cell ss:StyleID="s22"><Data ss:Type="String"></Data></Cell></Row><Row><Cell ss:StyleID="s32"><Data ss:Type="String">o.stGrants</Data></Cell><Cell ss:StyleID="s22"><Data ss:Type="String">-</Data></Cell><Cell ss:StyleID="s22"><Data ss:Type="String">-</Data></Cell><Cell ss:StyleID="s22"><Data ss:Type="String">-</Data></Cell></Row><Row><Cell ss:StyleID="s32"><Data ss:Type="String"></Data></Cell><Cell ss:StyleID="s22"><Data ss:Type="String"></Data></Cell><Cell ss:StyleID="s22"><Data ss:Type="String"></Data></Cell><Cell ss:StyleID="s22"><Data ss:Type="String"></Data></Cell></Row><Row><Cell ss:StyleID="s32"><Data ss:Type="String">sthhdcomputers</Data></Cell><Cell ss:StyleID="s22"><Data ss:Type="String">0.0134</Data></Cell><Cell ss:StyleID="s22"><Data ss:Type="String">0.0609***</Data></Cell><Cell ss:StyleID="s22"><Data ss:Type="String">0.0495**</Data></Cell></Row><Row><Cell ss:StyleID="s32"><Data ss:Type="String"></Data></Cell><Cell ss:StyleID="s22"><Data ss:Type="String">(0.0208)</Data></Cell><Cell ss:StyleID="s22"><Data ss:Type="String">(0.0195)</Data></Cell><Cell ss:StyleID="s22"><Data ss:Type="String">(0.0194)</Data></Cell></Row><Row><Cell ss:StyleID="s32"><Data ss:Type="String">sthouseholdexpenditure</Data></Cell><Cell ss:StyleID="s22"><Data ss:Type="String">-0.104***</Data></Cell><Cell ss:StyleID="s22"><Data ss:Type="String">-0.102***</Data></Cell><Cell ss:StyleID="s22"><Data ss:Type="String">-0.0735***</Data></Cell></Row><Row><Cell ss:StyleID="s32"><Data ss:Type="String"></Data></Cell><Cell ss:StyleID="s22"><Data ss:Type="String">(0.0286)</Data></Cell><Cell ss:StyleID="s22"><Data ss:Type="String">(0.0275)</Data></Cell><Cell ss:StyleID="s22"><Data ss:Type="String">(0.0274)</Data></Cell></Row><Row><Cell ss:StyleID="s32"><Data ss:Type="String">c.stQualified#c.stComputers</Data></Cell><Cell ss:StyleID="s22"><Data ss:Type="String">-0.0236***</Data></Cell><Cell ss:StyleID="s22"><Data ss:Type="String">-0.0126*</Data></Cell><Cell ss:StyleID="s22"><Data ss:Type="String">-0.0158**</Data></Cell></Row><Row><Cell ss:StyleID="s32"><Data ss:Type="String"></Data></Cell><Cell ss:StyleID="s22"><Data ss:Type="String">(0.00881)</Data></Cell><Cell ss:StyleID="s22"><Data ss:Type="String">(0.00714)</Data></Cell><Cell ss:StyleID="s22"><Data ss:Type="String">(0.00661)</Data></Cell></Row><Row><Cell ss:StyleID="s32"><Data ss:Type="String">c.stQualified#c.stGrants</Data></Cell><Cell ss:StyleID="s22"><Data ss:Type="String">0.0147</Data></Cell><Cell ss:StyleID="s22"><Data ss:Type="String">0.00199</Data></Cell><Cell ss:StyleID="s22"><Data ss:Type="String">0.00344</Data></Cell></Row><Row><Cell ss:StyleID="s32"><Data ss:Type="String"></Data></Cell><Cell ss:StyleID="s22"><Data ss:Type="String">(0.0214)</Data></Cell><Cell ss:StyleID="s22"><Data ss:Type="String">(0.0194)</Data></Cell><Cell ss:StyleID="s22"><Data ss:Type="String">(0.0210)</Data></Cell></Row><Row><Cell ss:StyleID="s32"><Data ss:Type="String">c.stQualified#c.sthhdcomputers</Data></Cell><Cell ss:StyleID="s22"><Data ss:Type="String">0.0229</Data></Cell><Cell ss:StyleID="s22"><Data ss:Type="String">0.0731***</Data></Cell><Cell ss:StyleID="s22"><Data ss:Type="String">0.0663***</Data></Cell></Row><Row><Cell ss:StyleID="s32"><Data ss:Type="String"></Data></Cell><Cell ss:StyleID="s22"><Data ss:Type="String">(0.0193)</Data></Cell><Cell ss:StyleID="s22"><Data ss:Type="String">(0.0176)</Data></Cell><Cell ss:StyleID="s22"><Data ss:Type="String">(0.0178)</Data></Cell></Row><Row><Cell ss:StyleID="s32"><Data ss:Type="String">c.stQualified#c.sthouseholdexpenditure</Data></Cell><Cell ss:StyleID="s22"><Data ss:Type="String">0.117***</Data></Cell><Cell ss:StyleID="s22"><Data ss:Type="String">0.0420**</Data></Cell><Cell ss:StyleID="s22"><Data ss:Type="String">0.0928***</Data></Cell></Row><Row><Cell ss:StyleID="s32"><Data ss:Type="String"></Data></Cell><Cell ss:StyleID="s22"><Data ss:Type="String">(0.0203)</Data></Cell><Cell ss:StyleID="s22"><Data ss:Type="String">(0.0203)</Data></Cell><Cell ss:StyleID="s22"><Data ss:Type="String">(0.0178)</Data></Cell></Row><Row><Cell ss:StyleID="s32"><Data ss:Type="String">0b.PrivateDummy#co.stQualified</Data></Cell><Cell ss:StyleID="s22"><Data ss:Type="String">0</Data></Cell><Cell ss:StyleID="s22"><Data ss:Type="String">0</Data></Cell><Cell ss:StyleID="s22"><Data ss:Type="String">0</Data></Cell></Row><Row><Cell ss:StyleID="s32"><Data ss:Type="String"></Data></Cell><Cell ss:StyleID="s22"><Data ss:Type="String">(0)</Data></Cell><Cell ss:StyleID="s22"><Data ss:Type="String">(0)</Data></Cell><Cell ss:StyleID="s22"><Data ss:Type="String">(0)</Data></Cell></Row><Row><Cell ss:StyleID="s32"><Data ss:Type="String">1.PrivateDummy#c.stQualified</Data></Cell><Cell ss:StyleID="s22"><Data ss:Type="String">0.0949</Data></Cell><Cell ss:StyleID="s22"><Data ss:Type="String">0.166**</Data></Cell><Cell ss:StyleID="s22"><Data ss:Type="String">0.163**</Data></Cell></Row><Row><Cell ss:StyleID="s32"><Data ss:Type="String"></Data></Cell><Cell ss:StyleID="s22"><Data ss:Type="String">(0.0845)</Data></Cell><Cell ss:StyleID="s22"><Data ss:Type="String">(0.0811)</Data></Cell><Cell ss:StyleID="s22"><Data ss:Type="String">(0.0817)</Data></Cell></Row><Row><Cell ss:StyleID="s32"><Data ss:Type="String">0b.AidedDummy#co.stQualified</Data></Cell><Cell ss:StyleID="s22"><Data ss:Type="String">0</Data></Cell><Cell ss:StyleID="s22"><Data ss:Type="String">0</Data></Cell><Cell ss:StyleID="s22"><Data ss:Type="String">0</Data></Cell></Row><Row><Cell ss:StyleID="s32"><Data ss:Type="String"></Data></Cell><Cell ss:StyleID="s22"><Data ss:Type="String">(0)</Data></Cell><Cell ss:StyleID="s22"><Data ss:Type="String">(0)</Data></Cell><Cell ss:StyleID="s22"><Data ss:Type="String">(0)</Data></Cell></Row><Row><Cell ss:StyleID="s32"><Data ss:Type="String">1.AidedDummy#c.stQualified</Data></Cell><Cell ss:StyleID="s22"><Data ss:Type="String">-0.165***</Data></Cell><Cell ss:StyleID="s22"><Data ss:Type="String">-0.131***</Data></Cell><Cell ss:StyleID="s22"><Data ss:Type="String">-0.127***</Data></Cell></Row><Row><Cell ss:StyleID="s32"><Data ss:Type="String"></Data></Cell><Cell ss:StyleID="s22"><Data ss:Type="String">(0.0478)</Data></Cell><Cell ss:StyleID="s22"><Data ss:Type="String">(0.0444)</Data></Cell><Cell ss:StyleID="s22"><Data ss:Type="String">(0.0456)</Data></Cell></Row><Row><Cell ss:StyleID="s32"><Data ss:Type="String">stdistrictUniversity</Data></Cell><Cell ss:StyleID="s22"><Data ss:Type="String">0.00316</Data></Cell><Cell ss:StyleID="s22"><Data ss:Type="String">-0.0344</Data></Cell><Cell ss:StyleID="s22"><Data ss:Type="String">-0.0102</Data></Cell></Row><Row><Cell ss:StyleID="s32"><Data ss:Type="String"></Data></Cell><Cell ss:StyleID="s22"><Data ss:Type="String">(0.0228)</Data></Cell><Cell ss:StyleID="s22"><Data ss:Type="String">(0.0227)</Data></Cell><Cell ss:StyleID="s22"><Data ss:Type="String">(0.0224)</Data></Cell></Row><Row><Cell ss:StyleID="s32"><Data ss:Type="String">logsalaries</Data></Cell><Cell ss:StyleID="s22"><Data ss:Type="String">0.0286</Data></Cell><Cell ss:StyleID="s22"><Data ss:Type="String">-0.0227</Data></Cell><Cell ss:StyleID="s22"><Data ss:Type="String">0.0258</Data></Cell></Row><Row><Cell ss:StyleID="s32"><Data ss:Type="String"></Data></Cell><Cell ss:StyleID="s22"><Data ss:Type="String">(0.0333)</Data></Cell><Cell ss:StyleID="s22"><Data ss:Type="String">(0.0340)</Data></Cell><Cell ss:StyleID="s22"><Data ss:Type="String">(0.0332)</Data></Cell></Row><Row><Cell ss:StyleID="s32"><Data ss:Type="String">ststudentexpenditure</Data></Cell><Cell ss:StyleID="s22"><Data ss:Type="String">0.169***</Data></Cell><Cell ss:StyleID="s22"><Data ss:Type="String">0.235***</Data></Cell><Cell ss:StyleID="s22"><Data ss:Type="String">0.202***</Data></Cell></Row><Row><Cell ss:StyleID="s32"><Data ss:Type="String"></Data></Cell><Cell ss:StyleID="s22"><Data ss:Type="String">(0.0585)</Data></Cell><Cell ss:StyleID="s22"><Data ss:Type="String">(0.0622)</Data></Cell><Cell ss:StyleID="s22"><Data ss:Type="String">(0.0575)</Data></Cell></Row><Row><Cell ss:StyleID="s32"><Data ss:Type="String">logpopulation</Data></Cell><Cell ss:StyleID="s22"><Data ss:Type="String">0.0504</Data></Cell><Cell ss:StyleID="s22"><Data ss:Type="String">0.262***</Data></Cell><Cell ss:StyleID="s22"><Data ss:Type="String">0.106</Data></Cell></Row><Row><Cell ss:StyleID="s32"><Data ss:Type="String"></Data></Cell><Cell ss:StyleID="s22"><Data ss:Type="String">(0.0866)</Data></Cell><Cell ss:StyleID="s22"><Data ss:Type="String">(0.0838)</Data></Cell><Cell ss:StyleID="s22"><Data ss:Type="String">(0.0824)</Data></Cell></Row><Row><Cell ss:StyleID="s32"><Data ss:Type="String">stOBCTeachers</Data></Cell><Cell ss:StyleID="s22"><Data ss:Type="String">-0.198***</Data></Cell><Cell ss:StyleID="s22"><Data ss:Type="String">-0.0994***</Data></Cell><Cell ss:StyleID="s22"><Data ss:Type="String">-0.125***</Data></Cell></Row><Row><Cell ss:StyleID="s32"><Data ss:Type="String"></Data></Cell><Cell ss:StyleID="s22"><Data ss:Type="String">(0.0266)</Data></Cell><Cell ss:StyleID="s22"><Data ss:Type="String">(0.0216)</Data></Cell><Cell ss:StyleID="s22"><Data ss:Type="String">(0.0207)</Data></Cell></Row><Row><Cell ss:StyleID="s32"><Data ss:Type="String">stSCTeachers</Data></Cell><Cell ss:StyleID="s22"><Data ss:Type="String">-0.0860***</Data></Cell><Cell ss:StyleID="s22"><Data ss:Type="String">-0.112***</Data></Cell><Cell ss:StyleID="s22"><Data ss:Type="String">-0.109***</Data></Cell></Row><Row><Cell ss:StyleID="s32"><Data ss:Type="String"></Data></Cell><Cell ss:StyleID="s22"><Data ss:Type="String">(0.0275)</Data></Cell><Cell ss:StyleID="s22"><Data ss:Type="String">(0.0265)</Data></Cell><Cell ss:StyleID="s22"><Data ss:Type="String">(0.0265)</Data></Cell></Row><Row><Cell ss:StyleID="s32"><Data ss:Type="String">stSTTeachers</Data></Cell><Cell ss:StyleID="s22"><Data ss:Type="String">-0.114***</Data></Cell><Cell ss:StyleID="s22"><Data ss:Type="String">-0.117***</Data></Cell><Cell ss:StyleID="s22"><Data ss:Type="String">-0.132***</Data></Cell></Row><Row><Cell ss:StyleID="s32"><Data ss:Type="String"></Data></Cell><Cell ss:StyleID="s22"><Data ss:Type="String">(0.0347)</Data></Cell><Cell ss:StyleID="s22"><Data ss:Type="String">(0.0140)</Data></Cell><Cell ss:StyleID="s22"><Data ss:Type="String">(0.0127)</Data></Cell></Row><Row><Cell ss:StyleID="s32"><Data ss:Type="String">stTotalOBC</Data></Cell><Cell ss:StyleID="s22"><Data ss:Type="String">-0.0393</Data></Cell><Cell ss:StyleID="s22"><Data ss:Type="String"></Data></Cell><Cell ss:StyleID="s22"><Data ss:Type="String"></Data></Cell></Row><Row><Cell ss:StyleID="s32"><Data ss:Type="String"></Data></Cell><Cell ss:StyleID="s22"><Data ss:Type="String">(0.0410)</Data></Cell><Cell ss:StyleID="s22"><Data ss:Type="String"></Data></Cell><Cell ss:StyleID="s22"><Data ss:Type="String"></Data></Cell></Row><Row><Cell ss:StyleID="s32"><Data ss:Type="String">c.stTotalOBC#c.stOBCTeachers</Data></Cell><Cell ss:StyleID="s22"><Data ss:Type="String">0.0398***</Data></Cell><Cell ss:StyleID="s22"><Data ss:Type="String"></Data></Cell><Cell ss:StyleID="s22"><Data ss:Type="String"></Data></Cell></Row><Row><Cell ss:StyleID="s32"><Data ss:Type="String"></Data></Cell><Cell ss:StyleID="s22"><Data ss:Type="String">(0.0124)</Data></Cell><Cell ss:StyleID="s22"><Data ss:Type="String"></Data></Cell><Cell ss:StyleID="s22"><Data ss:Type="String"></Data></Cell></Row><Row><Cell ss:StyleID="s32"><Data ss:Type="String">stTotalSC</Data></Cell><Cell ss:StyleID="s22"><Data ss:Type="String">-0.132***</Data></Cell><Cell ss:StyleID="s22"><Data ss:Type="String"></Data></Cell><Cell ss:StyleID="s22"><Data ss:Type="String"></Data></Cell></Row><Row><Cell ss:StyleID="s32"><Data ss:Type="String"></Data></Cell><Cell ss:StyleID="s22"><Data ss:Type="String">(0.0228)</Data></Cell><Cell ss:StyleID="s22"><Data ss:Type="String"></Data></Cell><Cell ss:StyleID="s22"><Data ss:Type="String"></Data></Cell></Row><Row><Cell ss:StyleID="s32"><Data ss:Type="String">c.stTotalSC#c.stSCTeachers</Data></Cell><Cell ss:StyleID="s22"><Data ss:Type="String">-0.00504</Data></Cell><Cell ss:StyleID="s22"><Data ss:Type="String"></Data></Cell><Cell ss:StyleID="s22"><Data ss:Type="String"></Data></Cell></Row><Row><Cell ss:StyleID="s32"><Data ss:Type="String"></Data></Cell><Cell ss:StyleID="s22"><Data ss:Type="String">(0.00959)</Data></Cell><Cell ss:StyleID="s22"><Data ss:Type="String"></Data></Cell><Cell ss:StyleID="s22"><Data ss:Type="String"></Data></Cell></Row><Row><Cell ss:StyleID="s32"><Data ss:Type="String">stTotalST</Data></Cell><Cell ss:StyleID="s22"><Data ss:Type="String">-0.151***</Data></Cell><Cell ss:StyleID="s22"><Data ss:Type="String"></Data></Cell><Cell ss:StyleID="s22"><Data ss:Type="String"></Data></Cell></Row><Row><Cell ss:StyleID="s32"><Data ss:Type="String"></Data></Cell><Cell ss:StyleID="s22"><Data ss:Type="String">(0.0235)</Data></Cell><Cell ss:StyleID="s22"><Data ss:Type="String"></Data></Cell><Cell ss:StyleID="s22"><Data ss:Type="String"></Data></Cell></Row><Row><Cell ss:StyleID="s32"><Data ss:Type="String">c.stTotalST#c.stSTTeachers</Data></Cell><Cell ss:StyleID="s22"><Data ss:Type="String">0.00487</Data></Cell><Cell ss:StyleID="s22"><Data ss:Type="String"></Data></Cell><Cell ss:StyleID="s22"><Data ss:Type="String"></Data></Cell></Row><Row><Cell ss:StyleID="s32"><Data ss:Type="String"></Data></Cell><Cell ss:StyleID="s22"><Data ss:Type="String">(0.00375)</Data></Cell><Cell ss:StyleID="s22"><Data ss:Type="String"></Data></Cell><Cell ss:StyleID="s22"><Data ss:Type="String"></Data></Cell></Row><Row><Cell ss:StyleID="s32"><Data ss:Type="String">stTotalGirls</Data></Cell><Cell ss:StyleID="s22"><Data ss:Type="String"></Data></Cell><Cell ss:StyleID="s22"><Data ss:Type="String"></Data></Cell><Cell ss:StyleID="s22"><Data ss:Type="String">0.220***</Data></Cell></Row><Row><Cell ss:StyleID="s32"><Data ss:Type="String"></Data></Cell><Cell ss:StyleID="s22"><Data ss:Type="String"></Data></Cell><Cell ss:StyleID="s22"><Data ss:Type="String"></Data></Cell><Cell ss:StyleID="s22"><Data ss:Type="String">(0.0319)</Data></Cell></Row><Row><Cell ss:StyleID="s32"><Data ss:Type="String">Constant</Data></Cell><Cell ss:StyleID="s22"><Data ss:Type="String">-1.721</Data></Cell><Cell ss:StyleID="s22"><Data ss:Type="String">-4.145***</Data></Cell><Cell ss:StyleID="s22"><Data ss:Type="String">-2.197**</Data></Cell></Row><Row><Cell ss:StyleID="s32"><Data ss:Type="String"></Data></Cell><Cell ss:StyleID="s22"><Data ss:Type="String">(1.149)</Data></Cell><Cell ss:StyleID="s22"><Data ss:Type="String">(1.089)</Data></Cell><Cell ss:StyleID="s22"><Data ss:Type="String">(1.088)</Data></Cell></Row><Row><Cell ss:StyleID="s32"><Data ss:Type="String"></Data></Cell><Cell ss:StyleID="s22"><Data ss:Type="String"></Data></Cell><Cell ss:StyleID="s22"><Data ss:Type="String"></Data></Cell><Cell ss:StyleID="s22"><Data ss:Type="String"></Data></Cell></Row><Row><Cell ss:StyleID="s32"><Data ss:Type="String">Observations</Data></Cell><Cell ss:StyleID="s22"><Data ss:Type="String">2,702</Data></Cell><Cell ss:StyleID="s22"><Data ss:Type="String">2,702</Data></Cell><Cell ss:StyleID="s22"><Data ss:Type="String">2,702</Data></Cell></Row><Row><Cell ss:StyleID="s33"><Data ss:Type="String">R-squared</Data></Cell><Cell ss:StyleID="s23"><Data ss:Type="String">0.369</Data></Cell><Cell ss:StyleID="s23"><Data ss:Type="String">0.360</Data></Cell><Cell ss:StyleID="s23"><Data ss:Type="String">0.357</Data></Cell></Row><Row><Cell ss:StyleID="s24"><Data ss:Type="String">Robust standard errors in parentheses</Data></Cell></Row><Row><Cell ss:StyleID="s24"><Data ss:Type="String">*** p&lt;0.01, ** p&lt;0.05, * p&lt;0.1</Data></Cell></Row></Table><WorksheetOptions xmlns="urn:schemas-microsoft-com:office:excel"><ProtectedObjects>False</ProtectedObjects><ProtectedScenarios>False</ProtectedScenarios></WorksheetOptions></Worksheet></Workbook>