<?xml version="1.0" encoding="US-ASCII" standalone="yes"?><?mso-application progid="Excel.Sheet"?><Workbook xmlns="urn:schemas-microsoft-com:office:spreadsheet" xmlns:o="urn:schemas-microsoft-com:office:office" xmlns:x="urn:schemas-microsoft-com:office:excel" xmlns:ss="urn:schemas-microsoft-com:office:spreadsheet" xmlns:html="http://www.w3.org/TR/REC-html40"><DocumentProperties xmlns="urn:schemas-microsoft-com:office:office"><Author></Author><LastAuthor></LastAuthor><Created></Created><LastSaved></LastSaved><Company></Company><Version></Version></DocumentProperties><ExcelWorkbook  xmlns="urn:schemas-microsoft-com:office:excel"><ProtectStructure>False</ProtectStructure><ProtectWindows>False</ProtectWindows></ExcelWorkbook><Styles><Style ss:ID="Default" ss:Name="Normal"><Alignment ss:Vertical="Bottom"/><Borders/><Font ss:FontName="Calibri" ss:Size="10"/><Interior/><NumberFormat/><Protection/></Style><Style ss:ID="s1"><Font ss:FontName="Calibri" ss:Bold="1" ss:Size="12"/><NumberFormat/></Style><Style ss:ID="s21"><Alignment ss:Horizontal="Center" ss:Vertical="Bottom"/><NumberFormat/><Font ss:FontName="Calibri" ss:Size="10"/><Borders><Border ss:Position="Top" ss:LineStyle="Continuous" ss:Weight="1"/></Borders></Style><Style ss:ID="s22"><Alignment ss:Horizontal="Center" ss:Vertical="Bottom"/><Font ss:FontName="Calibri" ss:Size="10"/><NumberFormat/></Style><Style ss:ID="s23"><Alignment ss:Horizontal="Center" ss:Vertical="Bottom"/><NumberFormat/><Font ss:FontName="Calibri" ss:Size="10"/><Borders><Border ss:Position="Bottom" ss:LineStyle="Continuous" ss:Weight="1"/></Borders></Style><Style ss:ID="s24"><Font ss:FontName="Calibri" ss:Size="10"/><NumberFormat/></Style><Style ss:ID="s31"><Font ss:FontName="Calibri" ss:Size="10"/><Borders><Border ss:Position="Top" ss:LineStyle="Continuous" ss:Weight="1"/></Borders></Style><Style ss:ID="s32"><Font ss:FontName="Calibri" ss:Size="10"/><Borders/></Style><Style ss:ID="s33"><Font ss:FontName="Calibri" ss:Size="10"/><Borders><Border ss:Position="Bottom" ss:LineStyle="Continuous" ss:Weight="1"/></Borders></Style></Styles><Names></Names><Worksheet ss:Name="Sheet1"><Table ss:ExpandedColumnCount="2" ss:ExpandedRowCount="145" x:FullColumns="1" x:FullRows="1"><Column ss:AutoFitWidth="0" ss:Width="290"/><Column ss:AutoFitWidth="0" ss:Width="58"/><Row></Row><Row><Cell ss:StyleID="s31"><Data ss:Type="String"></Data></Cell><Cell ss:StyleID="s21"><Data ss:Type="String">(1)</Data></Cell></Row><Row><Cell ss:StyleID="s32"><Data ss:Type="String">VARIABLES</Data></Cell><Cell ss:StyleID="s22"><Data ss:Type="String">stAvgSSLCTotal</Data></Cell></Row><Row><Cell ss:StyleID="s31"><Data ss:Type="String"></Data></Cell><Cell ss:StyleID="s21"><Data ss:Type="String"></Data></Cell></Row><Row><Cell ss:StyleID="s32"><Data ss:Type="String">stSCTeachers</Data></Cell><Cell ss:StyleID="s22"><Data ss:Type="String">-0.108***</Data></Cell></Row><Row><Cell ss:StyleID="s32"><Data ss:Type="String"></Data></Cell><Cell ss:StyleID="s22"><Data ss:Type="String">(0.0277)</Data></Cell></Row><Row><Cell ss:StyleID="s32"><Data ss:Type="String">stTotalSC</Data></Cell><Cell ss:StyleID="s22"><Data ss:Type="String">-0.106***</Data></Cell></Row><Row><Cell ss:StyleID="s32"><Data ss:Type="String"></Data></Cell><Cell ss:StyleID="s22"><Data ss:Type="String">(0.0235)</Data></Cell></Row><Row><Cell ss:StyleID="s32"><Data ss:Type="String">c.stSCTeachers#c.stTotalSC</Data></Cell><Cell ss:StyleID="s22"><Data ss:Type="String">-0.00400</Data></Cell></Row><Row><Cell ss:StyleID="s32"><Data ss:Type="String"></Data></Cell><Cell ss:StyleID="s22"><Data ss:Type="String">(0.00976)</Data></Cell></Row><Row><Cell ss:StyleID="s32"><Data ss:Type="String">stOBCTeachers</Data></Cell><Cell ss:StyleID="s22"><Data ss:Type="String">-0.208***</Data></Cell></Row><Row><Cell ss:StyleID="s32"><Data ss:Type="String"></Data></Cell><Cell ss:StyleID="s22"><Data ss:Type="String">(0.0263)</Data></Cell></Row><Row><Cell ss:StyleID="s32"><Data ss:Type="String">stTotalOBC</Data></Cell><Cell ss:StyleID="s22"><Data ss:Type="String">-0.0304</Data></Cell></Row><Row><Cell ss:StyleID="s32"><Data ss:Type="String"></Data></Cell><Cell ss:StyleID="s22"><Data ss:Type="String">(0.0399)</Data></Cell></Row><Row><Cell ss:StyleID="s32"><Data ss:Type="String">c.stOBCTeachers#c.stTotalOBC</Data></Cell><Cell ss:StyleID="s22"><Data ss:Type="String">0.0382***</Data></Cell></Row><Row><Cell ss:StyleID="s32"><Data ss:Type="String"></Data></Cell><Cell ss:StyleID="s22"><Data ss:Type="String">(0.0114)</Data></Cell></Row><Row><Cell ss:StyleID="s32"><Data ss:Type="String">stSTTeachers</Data></Cell><Cell ss:StyleID="s22"><Data ss:Type="String">-0.121***</Data></Cell></Row><Row><Cell ss:StyleID="s32"><Data ss:Type="String"></Data></Cell><Cell ss:StyleID="s22"><Data ss:Type="String">(0.0338)</Data></Cell></Row><Row><Cell ss:StyleID="s32"><Data ss:Type="String">stTotalST</Data></Cell><Cell ss:StyleID="s22"><Data ss:Type="String">-0.138***</Data></Cell></Row><Row><Cell ss:StyleID="s32"><Data ss:Type="String"></Data></Cell><Cell ss:StyleID="s22"><Data ss:Type="String">(0.0244)</Data></Cell></Row><Row><Cell ss:StyleID="s32"><Data ss:Type="String">c.stSTTeachers#c.stTotalST</Data></Cell><Cell ss:StyleID="s22"><Data ss:Type="String">0.00471</Data></Cell></Row><Row><Cell ss:StyleID="s32"><Data ss:Type="String"></Data></Cell><Cell ss:StyleID="s22"><Data ss:Type="String">(0.00362)</Data></Cell></Row><Row><Cell ss:StyleID="s32"><Data ss:Type="String">1.LocationDummy</Data></Cell><Cell ss:StyleID="s22"><Data ss:Type="String">9.266***</Data></Cell></Row><Row><Cell ss:StyleID="s32"><Data ss:Type="String"></Data></Cell><Cell ss:StyleID="s22"><Data ss:Type="String">(3.023)</Data></Cell></Row><Row><Cell ss:StyleID="s32"><Data ss:Type="String">1.PrivateDummy</Data></Cell><Cell ss:StyleID="s22"><Data ss:Type="String">0.149</Data></Cell></Row><Row><Cell ss:StyleID="s32"><Data ss:Type="String"></Data></Cell><Cell ss:StyleID="s22"><Data ss:Type="String">(0.256)</Data></Cell></Row><Row><Cell ss:StyleID="s32"><Data ss:Type="String">1.AidedDummy</Data></Cell><Cell ss:StyleID="s22"><Data ss:Type="String">-0.0684</Data></Cell></Row><Row><Cell ss:StyleID="s32"><Data ss:Type="String"></Data></Cell><Cell ss:StyleID="s22"><Data ss:Type="String">(0.0629)</Data></Cell></Row><Row><Cell ss:StyleID="s32"><Data ss:Type="String">logPCI</Data></Cell><Cell ss:StyleID="s22"><Data ss:Type="String">1.012***</Data></Cell></Row><Row><Cell ss:StyleID="s32"><Data ss:Type="String"></Data></Cell><Cell ss:StyleID="s22"><Data ss:Type="String">(0.335)</Data></Cell></Row><Row><Cell ss:StyleID="s32"><Data ss:Type="String">0b.LocationDummy#0b.PrivateDummy</Data></Cell><Cell ss:StyleID="s22"><Data ss:Type="String">0</Data></Cell></Row><Row><Cell ss:StyleID="s32"><Data ss:Type="String"></Data></Cell><Cell ss:StyleID="s22"><Data ss:Type="String">(0)</Data></Cell></Row><Row><Cell ss:StyleID="s32"><Data ss:Type="String">0b.LocationDummy#1o.PrivateDummy</Data></Cell><Cell ss:StyleID="s22"><Data ss:Type="String">0</Data></Cell></Row><Row><Cell ss:StyleID="s32"><Data ss:Type="String"></Data></Cell><Cell ss:StyleID="s22"><Data ss:Type="String">(0)</Data></Cell></Row><Row><Cell ss:StyleID="s32"><Data ss:Type="String">1o.LocationDummy#0b.PrivateDummy</Data></Cell><Cell ss:StyleID="s22"><Data ss:Type="String">0</Data></Cell></Row><Row><Cell ss:StyleID="s32"><Data ss:Type="String"></Data></Cell><Cell ss:StyleID="s22"><Data ss:Type="String">(0)</Data></Cell></Row><Row><Cell ss:StyleID="s32"><Data ss:Type="String">1.LocationDummy#1.PrivateDummy</Data></Cell><Cell ss:StyleID="s22"><Data ss:Type="String">0.317**</Data></Cell></Row><Row><Cell ss:StyleID="s32"><Data ss:Type="String"></Data></Cell><Cell ss:StyleID="s22"><Data ss:Type="String">(0.126)</Data></Cell></Row><Row><Cell ss:StyleID="s32"><Data ss:Type="String">0b.LocationDummy#0b.AidedDummy</Data></Cell><Cell ss:StyleID="s22"><Data ss:Type="String">0</Data></Cell></Row><Row><Cell ss:StyleID="s32"><Data ss:Type="String"></Data></Cell><Cell ss:StyleID="s22"><Data ss:Type="String">(0)</Data></Cell></Row><Row><Cell ss:StyleID="s32"><Data ss:Type="String">0b.LocationDummy#1o.AidedDummy</Data></Cell><Cell ss:StyleID="s22"><Data ss:Type="String">0</Data></Cell></Row><Row><Cell ss:StyleID="s32"><Data ss:Type="String"></Data></Cell><Cell ss:StyleID="s22"><Data ss:Type="String">(0)</Data></Cell></Row><Row><Cell ss:StyleID="s32"><Data ss:Type="String">1o.LocationDummy#0b.AidedDummy</Data></Cell><Cell ss:StyleID="s22"><Data ss:Type="String">0</Data></Cell></Row><Row><Cell ss:StyleID="s32"><Data ss:Type="String"></Data></Cell><Cell ss:StyleID="s22"><Data ss:Type="String">(0)</Data></Cell></Row><Row><Cell ss:StyleID="s32"><Data ss:Type="String">1.LocationDummy#1.AidedDummy</Data></Cell><Cell ss:StyleID="s22"><Data ss:Type="String">0.328***</Data></Cell></Row><Row><Cell ss:StyleID="s32"><Data ss:Type="String"></Data></Cell><Cell ss:StyleID="s22"><Data ss:Type="String">(0.0867)</Data></Cell></Row><Row><Cell ss:StyleID="s32"><Data ss:Type="String">0b.LocationDummy#co.logPCI</Data></Cell><Cell ss:StyleID="s22"><Data ss:Type="String">0</Data></Cell></Row><Row><Cell ss:StyleID="s32"><Data ss:Type="String"></Data></Cell><Cell ss:StyleID="s22"><Data ss:Type="String">(0)</Data></Cell></Row><Row><Cell ss:StyleID="s32"><Data ss:Type="String">1.LocationDummy#c.logPCI</Data></Cell><Cell ss:StyleID="s22"><Data ss:Type="String">-0.811***</Data></Cell></Row><Row><Cell ss:StyleID="s32"><Data ss:Type="String"></Data></Cell><Cell ss:StyleID="s22"><Data ss:Type="String">(0.252)</Data></Cell></Row><Row><Cell ss:StyleID="s32"><Data ss:Type="String">1.GenderTypeCoedDummy</Data></Cell><Cell ss:StyleID="s22"><Data ss:Type="String">-0.0753</Data></Cell></Row><Row><Cell ss:StyleID="s32"><Data ss:Type="String"></Data></Cell><Cell ss:StyleID="s22"><Data ss:Type="String">(0.118)</Data></Cell></Row><Row><Cell ss:StyleID="s32"><Data ss:Type="String">1.GenderTypeGirlsDummy</Data></Cell><Cell ss:StyleID="s22"><Data ss:Type="String">1.066***</Data></Cell></Row><Row><Cell ss:StyleID="s32"><Data ss:Type="String"></Data></Cell><Cell ss:StyleID="s22"><Data ss:Type="String">(0.162)</Data></Cell></Row><Row><Cell ss:StyleID="s32"><Data ss:Type="String">0b.GenderTypeGirlsDummy#0b.AidedDummy</Data></Cell><Cell ss:StyleID="s22"><Data ss:Type="String">0</Data></Cell></Row><Row><Cell ss:StyleID="s32"><Data ss:Type="String"></Data></Cell><Cell ss:StyleID="s22"><Data ss:Type="String">(0)</Data></Cell></Row><Row><Cell ss:StyleID="s32"><Data ss:Type="String">0b.GenderTypeGirlsDummy#1o.AidedDummy</Data></Cell><Cell ss:StyleID="s22"><Data ss:Type="String">0</Data></Cell></Row><Row><Cell ss:StyleID="s32"><Data ss:Type="String"></Data></Cell><Cell ss:StyleID="s22"><Data ss:Type="String">(0)</Data></Cell></Row><Row><Cell ss:StyleID="s32"><Data ss:Type="String">1o.GenderTypeGirlsDummy#0b.AidedDummy</Data></Cell><Cell ss:StyleID="s22"><Data ss:Type="String">0</Data></Cell></Row><Row><Cell ss:StyleID="s32"><Data ss:Type="String"></Data></Cell><Cell ss:StyleID="s22"><Data ss:Type="String">(0)</Data></Cell></Row><Row><Cell ss:StyleID="s32"><Data ss:Type="String">1.GenderTypeGirlsDummy#1.AidedDummy</Data></Cell><Cell ss:StyleID="s22"><Data ss:Type="String">-0.369***</Data></Cell></Row><Row><Cell ss:StyleID="s32"><Data ss:Type="String"></Data></Cell><Cell ss:StyleID="s22"><Data ss:Type="String">(0.125)</Data></Cell></Row><Row><Cell ss:StyleID="s32"><Data ss:Type="String">0b.GenderTypeGirlsDummy#0b.PrivateDummy</Data></Cell><Cell ss:StyleID="s22"><Data ss:Type="String">0</Data></Cell></Row><Row><Cell ss:StyleID="s32"><Data ss:Type="String"></Data></Cell><Cell ss:StyleID="s22"><Data ss:Type="String">(0)</Data></Cell></Row><Row><Cell ss:StyleID="s32"><Data ss:Type="String">0b.GenderTypeGirlsDummy#1o.PrivateDummy</Data></Cell><Cell ss:StyleID="s22"><Data ss:Type="String">0</Data></Cell></Row><Row><Cell ss:StyleID="s32"><Data ss:Type="String"></Data></Cell><Cell ss:StyleID="s22"><Data ss:Type="String">(0)</Data></Cell></Row><Row><Cell ss:StyleID="s32"><Data ss:Type="String">1o.GenderTypeGirlsDummy#0b.PrivateDummy</Data></Cell><Cell ss:StyleID="s22"><Data ss:Type="String">0</Data></Cell></Row><Row><Cell ss:StyleID="s32"><Data ss:Type="String"></Data></Cell><Cell ss:StyleID="s22"><Data ss:Type="String">(0)</Data></Cell></Row><Row><Cell ss:StyleID="s32"><Data ss:Type="String">1.GenderTypeGirlsDummy#1.PrivateDummy</Data></Cell><Cell ss:StyleID="s22"><Data ss:Type="String">-0.768*</Data></Cell></Row><Row><Cell ss:StyleID="s32"><Data ss:Type="String"></Data></Cell><Cell ss:StyleID="s22"><Data ss:Type="String">(0.465)</Data></Cell></Row><Row><Cell ss:StyleID="s32"><Data ss:Type="String">PlaygroundDummy</Data></Cell><Cell ss:StyleID="s22"><Data ss:Type="String">0.0380</Data></Cell></Row><Row><Cell ss:StyleID="s32"><Data ss:Type="String"></Data></Cell><Cell ss:StyleID="s22"><Data ss:Type="String">(0.0566)</Data></Cell></Row><Row><Cell ss:StyleID="s32"><Data ss:Type="String">STR</Data></Cell><Cell ss:StyleID="s22"><Data ss:Type="String">-0.000156</Data></Cell></Row><Row><Cell ss:StyleID="s32"><Data ss:Type="String"></Data></Cell><Cell ss:StyleID="s22"><Data ss:Type="String">(0.000171)</Data></Cell></Row><Row><Cell ss:StyleID="s32"><Data ss:Type="String">stGrants</Data></Cell><Cell ss:StyleID="s22"><Data ss:Type="String">0.103</Data></Cell></Row><Row><Cell ss:StyleID="s32"><Data ss:Type="String"></Data></Cell><Cell ss:StyleID="s22"><Data ss:Type="String">(0.0675)</Data></Cell></Row><Row><Cell ss:StyleID="s32"><Data ss:Type="String">stComputers</Data></Cell><Cell ss:StyleID="s22"><Data ss:Type="String">-0.145**</Data></Cell></Row><Row><Cell ss:StyleID="s32"><Data ss:Type="String"></Data></Cell><Cell ss:StyleID="s22"><Data ss:Type="String">(0.0646)</Data></Cell></Row><Row><Cell ss:StyleID="s32"><Data ss:Type="String">c.STR#c.stGrants</Data></Cell><Cell ss:StyleID="s22"><Data ss:Type="String">-0.000312**</Data></Cell></Row><Row><Cell ss:StyleID="s32"><Data ss:Type="String"></Data></Cell><Cell ss:StyleID="s22"><Data ss:Type="String">(0.000154)</Data></Cell></Row><Row><Cell ss:StyleID="s32"><Data ss:Type="String">c.STR#c.stComputers</Data></Cell><Cell ss:StyleID="s22"><Data ss:Type="String">7.72e-05</Data></Cell></Row><Row><Cell ss:StyleID="s32"><Data ss:Type="String"></Data></Cell><Cell ss:StyleID="s22"><Data ss:Type="String">(0.000113)</Data></Cell></Row><Row><Cell ss:StyleID="s32"><Data ss:Type="String">SCR</Data></Cell><Cell ss:StyleID="s22"><Data ss:Type="String">0.0134***</Data></Cell></Row><Row><Cell ss:StyleID="s32"><Data ss:Type="String"></Data></Cell><Cell ss:StyleID="s22"><Data ss:Type="String">(0.00176)</Data></Cell></Row><Row><Cell ss:StyleID="s32"><Data ss:Type="String">o.stGrants</Data></Cell><Cell ss:StyleID="s22"><Data ss:Type="String">-</Data></Cell></Row><Row><Cell ss:StyleID="s32"><Data ss:Type="String"></Data></Cell><Cell ss:StyleID="s22"><Data ss:Type="String"></Data></Cell></Row><Row><Cell ss:StyleID="s32"><Data ss:Type="String">o.stComputers</Data></Cell><Cell ss:StyleID="s22"><Data ss:Type="String">-</Data></Cell></Row><Row><Cell ss:StyleID="s32"><Data ss:Type="String"></Data></Cell><Cell ss:StyleID="s22"><Data ss:Type="String"></Data></Cell></Row><Row><Cell ss:StyleID="s32"><Data ss:Type="String">c.SCR#c.stGrants</Data></Cell><Cell ss:StyleID="s22"><Data ss:Type="String">-0.000654</Data></Cell></Row><Row><Cell ss:StyleID="s32"><Data ss:Type="String"></Data></Cell><Cell ss:StyleID="s22"><Data ss:Type="String">(0.00211)</Data></Cell></Row><Row><Cell ss:StyleID="s32"><Data ss:Type="String">c.SCR#c.stComputers</Data></Cell><Cell ss:StyleID="s22"><Data ss:Type="String">0.00515***</Data></Cell></Row><Row><Cell ss:StyleID="s32"><Data ss:Type="String"></Data></Cell><Cell ss:StyleID="s22"><Data ss:Type="String">(0.00168)</Data></Cell></Row><Row><Cell ss:StyleID="s32"><Data ss:Type="String">PercentHouseholdHealthInsurance</Data></Cell><Cell ss:StyleID="s22"><Data ss:Type="String">-0.00341</Data></Cell></Row><Row><Cell ss:StyleID="s32"><Data ss:Type="String"></Data></Cell><Cell ss:StyleID="s22"><Data ss:Type="String">(0.00661)</Data></Cell></Row><Row><Cell ss:StyleID="s32"><Data ss:Type="String">1.MedicalDummy</Data></Cell><Cell ss:StyleID="s22"><Data ss:Type="String">-0.0662</Data></Cell></Row><Row><Cell ss:StyleID="s32"><Data ss:Type="String"></Data></Cell><Cell ss:StyleID="s22"><Data ss:Type="String">(0.264)</Data></Cell></Row><Row><Cell ss:StyleID="s32"><Data ss:Type="String">0b.MedicalDummy#co.PercentHouseholdHealthInsurance</Data></Cell><Cell ss:StyleID="s22"><Data ss:Type="String">0</Data></Cell></Row><Row><Cell ss:StyleID="s32"><Data ss:Type="String"></Data></Cell><Cell ss:StyleID="s22"><Data ss:Type="String">(0)</Data></Cell></Row><Row><Cell ss:StyleID="s32"><Data ss:Type="String">1.MedicalDummy#c.PercentHouseholdHealthInsurance</Data></Cell><Cell ss:StyleID="s22"><Data ss:Type="String">0.00141</Data></Cell></Row><Row><Cell ss:StyleID="s32"><Data ss:Type="String"></Data></Cell><Cell ss:StyleID="s22"><Data ss:Type="String">(0.00553)</Data></Cell></Row><Row><Cell ss:StyleID="s32"><Data ss:Type="String">stQualified</Data></Cell><Cell ss:StyleID="s22"><Data ss:Type="String">0.385***</Data></Cell></Row><Row><Cell ss:StyleID="s32"><Data ss:Type="String"></Data></Cell><Cell ss:StyleID="s22"><Data ss:Type="String">(0.0498)</Data></Cell></Row><Row><Cell ss:StyleID="s32"><Data ss:Type="String">sthhdcomputers</Data></Cell><Cell ss:StyleID="s22"><Data ss:Type="String">-0.0453*</Data></Cell></Row><Row><Cell ss:StyleID="s32"><Data ss:Type="String"></Data></Cell><Cell ss:StyleID="s22"><Data ss:Type="String">(0.0271)</Data></Cell></Row><Row><Cell ss:StyleID="s32"><Data ss:Type="String">sthouseholdexpenditure</Data></Cell><Cell ss:StyleID="s22"><Data ss:Type="String">-0.160***</Data></Cell></Row><Row><Cell ss:StyleID="s32"><Data ss:Type="String"></Data></Cell><Cell ss:StyleID="s22"><Data ss:Type="String">(0.0296)</Data></Cell></Row><Row><Cell ss:StyleID="s32"><Data ss:Type="String">c.stQualified#c.stComputers</Data></Cell><Cell ss:StyleID="s22"><Data ss:Type="String">-0.0273***</Data></Cell></Row><Row><Cell ss:StyleID="s32"><Data ss:Type="String"></Data></Cell><Cell ss:StyleID="s22"><Data ss:Type="String">(0.00832)</Data></Cell></Row><Row><Cell ss:StyleID="s32"><Data ss:Type="String">c.stQualified#c.stGrants</Data></Cell><Cell ss:StyleID="s22"><Data ss:Type="String">0.0144</Data></Cell></Row><Row><Cell ss:StyleID="s32"><Data ss:Type="String"></Data></Cell><Cell ss:StyleID="s22"><Data ss:Type="String">(0.0211)</Data></Cell></Row><Row><Cell ss:StyleID="s32"><Data ss:Type="String">c.stQualified#c.sthhdcomputers</Data></Cell><Cell ss:StyleID="s22"><Data ss:Type="String">-0.000954</Data></Cell></Row><Row><Cell ss:StyleID="s32"><Data ss:Type="String"></Data></Cell><Cell ss:StyleID="s22"><Data ss:Type="String">(0.0188)</Data></Cell></Row><Row><Cell ss:StyleID="s32"><Data ss:Type="String">c.stQualified#c.sthouseholdexpenditure</Data></Cell><Cell ss:StyleID="s22"><Data ss:Type="String">0.0811***</Data></Cell></Row><Row><Cell ss:StyleID="s32"><Data ss:Type="String"></Data></Cell><Cell ss:StyleID="s22"><Data ss:Type="String">(0.0206)</Data></Cell></Row><Row><Cell ss:StyleID="s32"><Data ss:Type="String">0b.PrivateDummy#co.stQualified</Data></Cell><Cell ss:StyleID="s22"><Data ss:Type="String">0</Data></Cell></Row><Row><Cell ss:StyleID="s32"><Data ss:Type="String"></Data></Cell><Cell ss:StyleID="s22"><Data ss:Type="String">(0)</Data></Cell></Row><Row><Cell ss:StyleID="s32"><Data ss:Type="String">1.PrivateDummy#c.stQualified</Data></Cell><Cell ss:StyleID="s22"><Data ss:Type="String">0.0518</Data></Cell></Row><Row><Cell ss:StyleID="s32"><Data ss:Type="String"></Data></Cell><Cell ss:StyleID="s22"><Data ss:Type="String">(0.0808)</Data></Cell></Row><Row><Cell ss:StyleID="s32"><Data ss:Type="String">0b.AidedDummy#co.stQualified</Data></Cell><Cell ss:StyleID="s22"><Data ss:Type="String">0</Data></Cell></Row><Row><Cell ss:StyleID="s32"><Data ss:Type="String"></Data></Cell><Cell ss:StyleID="s22"><Data ss:Type="String">(0)</Data></Cell></Row><Row><Cell ss:StyleID="s32"><Data ss:Type="String">1.AidedDummy#c.stQualified</Data></Cell><Cell ss:StyleID="s22"><Data ss:Type="String">-0.173***</Data></Cell></Row><Row><Cell ss:StyleID="s32"><Data ss:Type="String"></Data></Cell><Cell ss:StyleID="s22"><Data ss:Type="String">(0.0477)</Data></Cell></Row><Row><Cell ss:StyleID="s32"><Data ss:Type="String">stdistrictUniversity</Data></Cell><Cell ss:StyleID="s22"><Data ss:Type="String">-0.0385</Data></Cell></Row><Row><Cell ss:StyleID="s32"><Data ss:Type="String"></Data></Cell><Cell ss:StyleID="s22"><Data ss:Type="String">(0.0254)</Data></Cell></Row><Row><Cell ss:StyleID="s32"><Data ss:Type="String">logsalaries</Data></Cell><Cell ss:StyleID="s22"><Data ss:Type="String">-0.0424</Data></Cell></Row><Row><Cell ss:StyleID="s32"><Data ss:Type="String"></Data></Cell><Cell ss:StyleID="s22"><Data ss:Type="String">(0.0464)</Data></Cell></Row><Row><Cell ss:StyleID="s32"><Data ss:Type="String">stCountStillBirths</Data></Cell><Cell ss:StyleID="s22"><Data ss:Type="String">0.0723*</Data></Cell></Row><Row><Cell ss:StyleID="s32"><Data ss:Type="String"></Data></Cell><Cell ss:StyleID="s22"><Data ss:Type="String">(0.0417)</Data></Cell></Row><Row><Cell ss:StyleID="s32"><Data ss:Type="String">ststudentexpenditure</Data></Cell><Cell ss:StyleID="s22"><Data ss:Type="String">4.345***</Data></Cell></Row><Row><Cell ss:StyleID="s32"><Data ss:Type="String"></Data></Cell><Cell ss:StyleID="s22"><Data ss:Type="String">(1.665)</Data></Cell></Row><Row><Cell ss:StyleID="s32"><Data ss:Type="String">o.logPCI</Data></Cell><Cell ss:StyleID="s22"><Data ss:Type="String">-</Data></Cell></Row><Row><Cell ss:StyleID="s32"><Data ss:Type="String"></Data></Cell><Cell ss:StyleID="s22"><Data ss:Type="String"></Data></Cell></Row><Row><Cell ss:StyleID="s32"><Data ss:Type="String">logpopulation</Data></Cell><Cell ss:StyleID="s22"><Data ss:Type="String">0.177</Data></Cell></Row><Row><Cell ss:StyleID="s32"><Data ss:Type="String"></Data></Cell><Cell ss:StyleID="s22"><Data ss:Type="String">(0.122)</Data></Cell></Row><Row><Cell ss:StyleID="s32"><Data ss:Type="String">c.ststudentexpenditure#c.logPCI</Data></Cell><Cell ss:StyleID="s22"><Data ss:Type="String">-0.645***</Data></Cell></Row><Row><Cell ss:StyleID="s32"><Data ss:Type="String"></Data></Cell><Cell ss:StyleID="s22"><Data ss:Type="String">(0.139)</Data></Cell></Row><Row><Cell ss:StyleID="s32"><Data ss:Type="String">c.ststudentexpenditure#c.logpopulation</Data></Cell><Cell ss:StyleID="s22"><Data ss:Type="String">0.256***</Data></Cell></Row><Row><Cell ss:StyleID="s32"><Data ss:Type="String"></Data></Cell><Cell ss:StyleID="s22"><Data ss:Type="String">(0.0674)</Data></Cell></Row><Row><Cell ss:StyleID="s32"><Data ss:Type="String">Constant</Data></Cell><Cell ss:StyleID="s22"><Data ss:Type="String">-14.47***</Data></Cell></Row><Row><Cell ss:StyleID="s32"><Data ss:Type="String"></Data></Cell><Cell ss:StyleID="s22"><Data ss:Type="String">(3.833)</Data></Cell></Row><Row><Cell ss:StyleID="s32"><Data ss:Type="String"></Data></Cell><Cell ss:StyleID="s22"><Data ss:Type="String"></Data></Cell></Row><Row><Cell ss:StyleID="s32"><Data ss:Type="String">Observations</Data></Cell><Cell ss:StyleID="s22"><Data ss:Type="String">2,702</Data></Cell></Row><Row><Cell ss:StyleID="s33"><Data ss:Type="String">R-squared</Data></Cell><Cell ss:StyleID="s23"><Data ss:Type="String">0.384</Data></Cell></Row><Row><Cell ss:StyleID="s24"><Data ss:Type="String">Robust standard errors in parentheses</Data></Cell></Row><Row><Cell ss:StyleID="s24"><Data ss:Type="String">*** p&lt;0.01, ** p&lt;0.05, * p&lt;0.1</Data></Cell></Row></Table><WorksheetOptions xmlns="urn:schemas-microsoft-com:office:excel"><ProtectedObjects>False</ProtectedObjects><ProtectedScenarios>False</ProtectedScenarios></WorksheetOptions></Worksheet></Workbook>